2014	12	06	PH	TH	0	0	SEA		1	1240	1364	0	0	144	117
2014	12	07	MY	VN	1	2	SEA		-21	1165	1283	−6	+6	168	134
2014	12	10	TH	PH	3	0	SEA		15	1379	1225	+4	−8	113	152
2014	12	11	VN	MY	2	4	SEA		-47	1236	1212	−12	+12	146	156
2014	12	13	CN	KG	4	0	F		1	1560	1090	0	0	67	178
2014	12	13	UZ	PS	1	0	F	AE	3	1636	1308	+2	−1	53	131
2014	12	17	CN	KG	2	0	F		1	1561	1089	0	0	67	178
2014	12	17	TH	MY	2	0	SEA		11	1390	1201	0	−4	113	160
2014	12	20	MY	TH	3	2	SEA		25	1226	1365	+11	−4	149	117
2014	12	21	CN	PS	0	0	F		-8	1553	1316	−1	+1	68	130
2014	12	21	UZ	JO	2	1	F	AE	7	1643	1527	+2	−2	51	78
2014	12	22	IQ	KW	1	1	F	AE	0	1512	1524	0	0	85	80
2014	12	25	UZ	IQ	1	0	F	AE	6	1649	1506	+1	−2	50	87
2014	12	27	QA	EE	3	0	F		8	1590	1461	0	−1	65	97
2014	12	28	IQ	UZ	0	0	F	AE	4	1510	1645	+2	−1	85	51
2014	12	30	BH	SA	4	1	F	AU	21	1465	1493	+5	−6	97	89
2014	12	30	AE	JO	1	0	F	AU	7	1644	1520	+1	−3	52	81
2014	12	31	OM	QA	2	2	F	AU	1	1556	1589	0	0	67	65
2015	01	03	CN	OM	4	1	F	AU	18	1571	1538	+1	−8	67	75
2015	01	04	BH	JO	1	0	F	AU	12	1477	1508	+4	−3	93	84
2015	01	04	IR	IQ	1	0	F	AU	6	1680	1504	+1	−2	41	86
2015	01	04	KR	SA	2	0	F	AU	9	1643	1484	+1	0	53	89
2015	01	09	AU	KW	4	1	AS		19	1671	1505	+3	−6	46	85
2015	01	10	CN	SA	1	0	AS	AU	19	1590	1465	+2	−8	65	97
2015	01	10	KR	OM	1	0	AS	AU	18	1661	1520	+5	−3	48	78
2015	01	10	UZ	KP	1	0	AS	AU	17	1662	1511	+4	−4	47	80
2015	01	11	IR	BH	2	0	AS	AU	18	1698	1459	+5	−5	36	98
2015	01	11	AE	QA	4	1	AS	AU	37	1681	1552	+11	−1	42	67
2015	01	12	IQ	JO	1	0	AS	AU	25	1529	1483	+12	−5	75	88
2015	01	12	JP	PS	4	0	AS	AU	8	1737	1308	+1	−2	27	132
2015	01	13	AU	OM	4	0	AS		18	1689	1502	+9	−6	38	85
2015	01	13	KR	KW	1	0	AS	AU	14	1675	1491	+5	−1	44	87
2015	01	14	CN	UZ	2	1	AS	AU	30	1620	1632	+4	−5	60	55
2015	01	14	SA	KP	4	1	AS	AU	50	1515	1461	+16	−16	80	96
2015	01	15	IR	QA	1	0	AS	AU	15	1713	1537	+1	−6	35	73
2015	01	15	AE	BH	2	1	AS	AU	11	1692	1448	+6	−2	37	100
2015	01	16	JP	IQ	1	0	AS	AU	12	1749	1517	0	−4	27	79
2015	01	16	JO	PS	5	1	AS	AU	25	1508	1283	+6	−1	82	133
2015	01	17	AU	KR	0	1	AS		-33	1656	1708	−13	+7	51	37
2015	01	17	OM	KW	1	0	AS	AU	24	1526	1467	+11	−6	75	94
2015	01	18	CN	KP	2	1	AS	AU	14	1634	1447	+4	−5	56	101
2015	01	18	UZ	SA	3	1	AS	AU	25	1657	1490	+4	−7	51	87
2015	01	19	BH	QA	2	1	AS	AU	31	1479	1506	+7	−12	92	85
2015	01	19	IR	AE	1	0	AS	AU	23	1736	1669	+7	−9	28	47
2015	01	20	IQ	PS	2	0	AS	AU	15	1532	1268	+4	−6	74	139
2015	01	20	JP	JO	2	0	AS	AU	15	1764	1493	+2	−6	25	86
2015	01	22	AU	CN	2	0	AS		25	1681	1609	+9	−6	43	62
2015	01	22	FI	YE	0	0	F	AE	-9	1631	1212	0	+2	54	157
2015	01	22	KR	UZ	2	0	AS	AU	32	1740	1625	+10	−6	28	56
2015	01	23	IR	IQ	3	3	AS	AU	-13	1723	1545	−4	+3	33	70
2015	01	23	JP	AE	1	1	AS	AU	-7	1757	1676	0	+3	25	45
2015	01	26	KR	IQ	2	0	AS	AU	18	1758	1527	+3	−2	25	73
2015	01	27	AU	AE	2	0	AS		26	1707	1650	+4	−6	39	51
2015	01	30	AE	IQ	3	2	AS	AU	17	1667	1510	+3	−4	48	77
2015	01	31	AU	KR	2	1	AS		21	1728	1737	+9	−3	30	28
2015	02	02	BD	LK	1	0	FT		7	957	829	+1	0	192	208
2015	02	06	PK	AF	2	1	F		12	944	1086	+1	−1	197	178
2015	03	12	KH	MO	3	0	WQ		18	734	619	+2	−2	214	228
2015	03	12	TL	MN	4	1	WQ		35	674	700	0	−3	225	217
2015	03	12	IN	NP	2	0	WQ		9	1087	878	+3	0	178	204
2015	03	12	LK	BT	0	1	WQ		-36	793	559	−2	+1	210	234
2015	03	12	TW	BN	0	1	WQ		-34	763	641	−2	+4	213	226
2015	03	12	YE	PK	3	1	WQ	QA	11	1223	933	+2	−1	155	198
2015	03	17	BT	LK	2	1	WQ		27	586	766	+2	−3	232	213
2015	03	17	BN	TW	0	2	WQ		-28	613	791	−3	+3	229	210
2015	03	17	MO	KH	1	1	WQ		1	620	733	+1	0	227	214
2015	03	17	MN	TL	0	1	WQ		-27	673	701	−8	+9	225	216
2015	03	17	NP	IN	0	0	WQ		6	884	1081	0	−1	204	179
2015	03	23	PK	YE	0	0	WQ	BH	14	947	1209	+3	−1	195	157
2015	03	25	DE	AU	2	2	F		-9	2125	1737	0	+2	1	30
2015	03	26	BH	CO	0	6	F		-3	1476	2022	−1	0	92	5
2015	03	26	IR	CL	2	0	F	AT	24	1747	1943	+7	−2	30	8
2015	03	26	JO	SY	0	1	F		-13	1480	1490	−6	+6	91	86
2015	03	26	MV	TJ	0	2	F		-11	1053	1273	−4	+2	186	138
2015	03	26	OM	MY	6	0	F		4	1530	1222	0	−4	72	155
2015	03	26	QA	DZ	1	0	F		12	1518	1666	+5	−2	76	47
2015	03	26	TH	SG	2	0	F		5	1370	1166	+1	0	117	166
2015	03	27	CN	HT	2	2	F		-6	1603	1452	−2	+3	62	100
2015	03	27	JP	TN	2	0	F		5	1762	1566	0	−1	26	66
2015	03	27	KR	UZ	1	1	F		-5	1732	1630	−2	+1	33	54
2015	03	28	HK	GU	1	0	F		1	1154	805	0	0	169	209
2015	03	28	IQ	CD	2	1	F	AE	10	1520	1500	+4	−3	74	81
2015	03	30	DZ	OM	4	1	F	QA	11	1677	1519	+3	−5	45	77
2015	03	30	BH	PH	2	1	F		2	1478	1223	+1	−3	90	154
2015	03	30	CO	KW	3	1	F	AE	1	2023	1466	0	0	4	94
2015	03	30	ID	MM	2	1	F		4	1208	1057	0	0	160	183
2015	03	30	MK	AU	0	0	F		5	1466	1732	+3	−1	94	32
2015	03	30	QA	SI	1	0	F		11	1529	1645	+5	−1	72	52
2015	03	30	SA	JO	2	1	F		7	1497	1473	+2	−1	85	91
2015	03	30	TH	CM	2	3	F		-6	1364	1617	−1	+2	119	57
2015	03	31	CN	TN	1	1	F		-4	1599	1570	−2	+1	63	65
2015	03	31	IQ	CD	1	0	F	AE	9	1529	1491	+3	−5	73	88
2015	03	31	JP	UZ	5	1	F		8	1770	1622	+1	−1	24	55
2015	03	31	SG	GU	2	2	F		-9	1157	814	−1	+1	167	208
2015	03	31	KR	NZ	1	0	F		3	1735	1516	+2	−3	30	80
2015	03	31	SE	IR	3	1	F		9	1800	1738	+1	−1	20	29
2015	03	31	TJ	SY	2	3	F		-7	1266	1497	−1	+4	139	84
2015	05	17	VN	KP	1	1	F		3	1239	1444	+2	0	145	103
2015	05	20	TH	KP	0	1	F		-11	1353	1455	−3	+4	122	99
2015	05	24	LB	SY	2	2	F		-1	1414	1498	−1	+2	108	83
2015	05	24	TH	VN	1	0	WQ		9	1362	1230	+3	−6	118	149
2015	05	29	LA	AF	0	2	F		-9	828	1095	0	+1	207	176
2015	05	30	BH	OM	0	0	F		-2	1476	1521	0	+1	90	77
2015	05	30	BD	SG	1	2	F		-7	950	1164	0	0	193	168
2015	05	30	JO	LB	0	0	F		-4	1469	1418	−2	+1	94	107
2015	05	31	EI	QA	1	1	F	EN	0	1521	1529	−1	0	78	73
2015	06	02	BD	AF	1	1	F		1	951	1094	0	0	193	176
2015	06	02	KH	LA	1	1	F		0	733	828	0	0	214	207
2015	06	05	KH	MM	1	0	F	TH	17	750	1040	0	−3	214	186
2015	06	05	JO	KW	2	2	F	TR	0	1469	1466	0	0	94	95
2015	06	05	OM	SY	1	2	F		-13	1508	1511	−3	+2	82	81
2015	06	05	AA	QA	1	0	F		3	1730	1526	0	−2	33	75
2015	06	05	TH	BH	1	1	F		0	1362	1476	0	0	119	90
2015	06	06	MY	HK	0	0	F		-4	1218	1158	−1	0	157	169
2015	06	06	SG	BN	5	1	F		1	1165	612	0	0	168	230
2015	06	11	BD	KG	1	3	WQ		-27	924	1116	−5	+3	198	176
2015	06	11	KH	SG	0	4	WQ		-11	739	1176	0	+2	214	166
2015	06	11	GU	TM	1	0	WQ		35	849	1221	+1	−12	207	153
2015	06	11	HK	BT	7	0	WQ		2	1160	584	0	0	169	232
2015	06	11	IN	OM	1	2	WQ		-5	1076	1513	−1	0	181	82
2015	06	11	JP	IQ	4	0	F		5	1775	1524	0	−5	24	78
2015	06	11	LA	MM	2	2	WQ		6	834	1034	−1	0	208	186
2015	06	11	LB	KW	0	1	WQ		-23	1395	1489	−5	+7	112	88
2015	06	11	MY	TL	1	1	WQ		-19	1199	720	−6	+1	162	216
2015	06	11	MV	QA	0	1	WQ		-4	1049	1530	0	+3	185	73
2015	06	11	KP	YE	1	0	WQ	QA	8	1463	1201	+1	−2	97	161
2015	06	11	PH	BH	2	1	WQ		28	1251	1448	+14	−11	140	102
2015	06	11	SA	PS	3	2	WQ		5	1502	1263	+1	−1	83	139
2015	06	11	KR	AE	3	0	F	MY	14	1749	1653	+2	−3	28	50
2015	06	11	SY	AF	6	0	WQ	IR	7	1518	1087	+1	−1	80	179
2015	06	11	TJ	JO	1	3	WQ		-21	1245	1490	−2	+6	142	87
2015	06	11	UZ	IR	0	1	F		-10	1612	1748	−3	0	58	29
2015	06	16	BD	TJ	1	1	WQ		11	935	1234	+1	−5	197	148
2015	06	16	BT	CN	0	6	WQ		0	584	1599	0	+1	232	60
2015	06	16	KH	AF	0	1	WQ		-8	731	1095	0	0	214	179
2015	06	16	TL	AE	0	1	WQ		0	720	1653	0	0	216	50
2015	06	16	GU	IN	2	1	WQ		27	876	1049	+2	−2	205	184
2015	06	16	HK	MV	2	0	WQ		14	1174	1035	+3	0	167	185
2015	06	16	JP	SG	0	0	WQ		-19	1756	1195	−2	+4	26	162
2015	06	16	JO	TT	3	0	F		13	1503	1488	+4	−6	83	90
2015	06	16	KG	AU	1	2	WQ		-2	1114	1734	0	+1	176	33
2015	06	16	LA	LB	0	2	WQ		-4	830	1399	0	0	208	110
2015	06	16	MY	PS	0	6	WQ		-47	1152	1310	−8	+8	171	131
2015	06	16	KP	UZ	4	2	WQ		34	1497	1578	+8	−5	87	62
2015	06	16	PH	YE	2	0	WQ	QA	26	1277	1175	+6	−4	136	166
2015	06	16	KR	MM	2	0	WQ	TH	1	1750	1033	0	0	27	186
2015	06	16	TW	TH	0	2	WQ		-4	787	1366	0	+1	210	118
2015	06	16	TM	IR	1	1	WQ		17	1238	1731	+10	−6	145	34
2015	07	31	YT	MV	3	1	IOG	RE	13	1211	1022	+4	−2	157	187
2015	08	02	CN	KR	0	2	EAF		-26	1573	1776	−3	+4	64	24
2015	08	02	MV	SC	2	1	IOG	RE	13	1035	956	+2	−2	185	192
2015	08	02	KP	JP	2	1	EAF	CN	33	1530	1723	+13	−9	73	36
2015	08	04	MG	MV	4	0	IOG	RE	11	1284	1024	+3	−2	135	187
2015	08	05	CN	KP	2	0	EAF		18	1591	1512	+3	−7	61	80
2015	08	05	JP	KR	1	1	EAF	CN	3	1726	1773	0	0	36	24
2015	08	09	CN	JP	1	1	EAF		2	1593	1724	0	0	61	36
2015	08	09	KP	KR	0	0	EAF	CN	13	1525	1760	+5	−2	75	26
2015	08	20	KH	BT	2	0	F		6	737	578	0	0	214	232
2015	08	26	LB	IQ	2	3	F		-9	1390	1533	−2	+3	112	73
2015	08	28	OM	YE	1	0	F		1	1514	1174	+1	0	79	166
2015	08	28	QA	SG	4	0	F		3	1533	1192	+1	0	73	162
2015	08	28	AE	MM	1	0	F		0	1653	1033	0	0	49	186
2015	08	29	LA	KH	2	1	F	TH	7	837	730	0	0	208	214
2015	08	29	MY	BD	0	0	F		-7	1145	942	0	0	171	197
2015	08	31	IN	NP	0	0	F		-6	1043	890	0	+1	185	203
2015	08	31	LB	PS	0	0	F		-5	1385	1315	−1	+1	113	130
2015	09	03	AU	BD	5	0	WQ		0	1734	942	0	0	33	197
2015	09	03	BH	KP	0	1	WQ		-21	1427	1546	−5	+5	106	71
2015	09	03	CN	HK	0	0	WQ		-18	1575	1192	−3	+4	64	162
2015	09	03	IR	GU	6	0	WQ		0	1731	876	−1	0	35	205
2015	09	03	IQ	TW	5	1	WQ	IR	1	1534	786	−1	−1	74	211
2015	09	03	JP	KH	3	0	WQ		0	1724	730	0	0	36	215
2015	09	03	JO	KG	0	0	WQ		-18	1485	1132	−5	+2	89	174
2015	09	03	KW	MM	9	0	WQ	QA	7	1496	1026	+2	0	86	186
2015	09	03	OM	TM	3	1	WQ		6	1520	1232	+1	−4	78	149
2015	09	03	PH	MV	2	0	F		3	1280	1021	0	0	136	187
2015	09	03	QA	BT	15	0	WQ		0	1533	578	−2	0	75	232
2015	09	03	SA	TL	7	0	WQ		1	1503	719	+1	0	84	217
2015	09	03	KR	LA	8	0	WQ		0	1760	837	−1	0	27	208
2015	09	03	SY	SG	1	0	WQ	OM	5	1523	1187	0	−1	77	163
2015	09	03	TH	AF	2	0	F		3	1369	1092	0	0	119	179
2015	09	03	AE	MY	10	0	WQ		3	1656	1142	+1	−1	49	172
2015	09	03	UZ	YE	1	0	WQ		2	1580	1172	+1	−2	63	168
2015	09	07	MM	NZ	1	1	F		8	1034	1508	0	0	186	81
2015	09	08	BH	YE	4	0	WQ	QA	14	1441	1158	+4	−2	101	170
2015	09	08	BD	JO	0	4	WQ		-5	937	1490	−1	+1	198	89
2015	09	08	KH	SY	0	6	WQ		-2	728	1525	0	+1	214	77
2015	09	08	CN	MV	3	0	WQ		2	1577	1019	0	0	65	187
2015	09	08	GU	OM	0	0	WQ		18	894	1502	+3	−5	202	84
2015	09	08	HK	QA	2	3	WQ		-8	1184	1541	−1	+3	164	72
2015	09	08	IN	IR	0	3	WQ		-2	1041	1733	0	0	185	33
2015	09	08	JP	AF	6	0	WQ	IR	2	1726	1090	+1	0	34	179
2015	09	08	LA	KW	0	2	WQ		-2	835	1498	0	0	208	86
2015	09	08	LB	KR	0	3	WQ		-12	1373	1772	−4	+2	116	24
2015	09	08	MY	SA	1	2	WQ		-7	1135	1510	0	+3	172	80
2015	09	08	PS	AE	0	0	WQ		12	1327	1644	+2	−1	128	51
2015	09	08	PH	UZ	1	5	WQ		-18	1262	1598	−3	+3	139	61
2015	09	08	TW	VN	1	2	WQ		-5	781	1235	−1	+4	211	149
2015	09	08	TJ	AU	0	3	WQ		-6	1228	1740	−5	+1	154	31
2015	09	08	TH	IQ	2	2	WQ		4	1373	1530	+2	−1	116	75
2015	10	02	OM	SY	2	1	F		8	1510	1517	+5	−2	80	79
2015	10	03	JO	IQ	3	0	F		15	1505	1515	+4	−4	85	79
2015	10	08	BH	UZ	0	4	WQ		-31	1410	1629	−6	+8	107	53
2015	10	08	BT	MV	3	4	WQ		-5	573	1024	0	0	231	187
2015	10	08	TL	PS	1	1	WQ		18	737	1309	+2	−1	214	130
2015	10	08	JP	SY	3	0	WQ	OM	16	1742	1501	+2	−8	32	86
2015	10	08	JO	AU	2	0	WQ		41	1546	1699	+14	−9	71	40
2015	10	08	KW	KR	0	1	WQ		-11	1487	1783	−3	+3	91	21
2015	10	08	KG	TJ	2	2	WQ		0	1132	1228	0	0	173	154
2015	10	08	LB	MM	2	0	WQ	TH	7	1380	1027	+2	0	113	186
2015	10	08	MY	LA	3	1	F	TH	5	1140	830	0	0	172	208
2015	10	08	KP	PH	0	0	WQ		-16	1530	1278	−7	+3	77	137
2015	10	08	OM	IR	1	1	WQ		7	1517	1726	0	−2	80	35
2015	10	08	QA	CN	1	0	WQ		16	1557	1561	+4	−1	68	66
2015	10	08	SA	AE	2	1	WQ		22	1532	1622	+4	−4	76	55
2015	10	08	SG	AF	1	0	WQ		10	1197	1080	+1	−2	161	181
2015	10	08	TM	IN	2	1	WQ		6	1238	1035	+1	0	150	185
2015	10	08	VN	IQ	1	1	WQ		10	1245	1505	+3	−5	146	84
2015	10	09	TW	MO	5	1	F		7	788	613	+1	0	210	228
2015	10	09	TH	HK	1	0	F		3	1376	1181	0	0	116	164
2015	10	13	BH	PH	2	0	WQ		12	1422	1266	+1	−3	107	140
2015	10	13	BT	HK	0	1	WQ		-2	571	1183	−1	+1	232	163
2015	10	13	TL	MY	0	1	WQ		-6	731	1146	0	+1	214	171
2015	10	13	IR	JP	1	1	F		-2	1724	1744	−1	−1	38	32
2015	10	13	JO	TJ	3	0	WQ		6	1552	1222	+1	0	71	154
2015	10	13	KW	LB	0	0	WQ		-11	1476	1391	−2	+2	93	111
2015	10	13	KG	BD	2	0	WQ		9	1141	928	0	−1	173	199
2015	10	13	MM	LA	3	1	WQ	TH	15	1042	815	+1	0	185	208
2015	10	13	KP	YE	1	0	WQ		2	1532	1156	+2	0	75	170
2015	10	13	OM	IN	3	0	WQ		2	1519	1033	0	−1	79	186
2015	10	13	QA	MV	4	0	WQ		2	1559	1022	0	0	68	187
2015	10	13	SG	KH	2	1	WQ		1	1198	727	0	0	161	215
2015	10	13	KR	JM	3	0	F		6	1789	1594	+1	0	21	61
2015	10	13	SY	AF	5	2	WQ	OM	6	1507	1074	+2	0	83	182
2015	10	13	TM	GU	1	0	WQ		3	1241	891	+4	0	146	203
2015	10	13	VN	TH	0	3	WQ		-32	1213	1408	−11	+6	156	109
2015	11	03	KH	BN	6	1	F		9	736	603	+1	0	214	229
2015	11	05	AE	TM	5	1	F		2	1624	1239	+1	0	53	146
2015	11	07	HK	MM	5	0	F		8	1191	1034	+2	0	162	185
2015	11	09	PS	SA	0	0	WQ	JO	11	1320	1521	+2	−3	130	78
2015	11	11	JO	MT	2	0	F	TR	4	1556	1233	+2	0	69	148
2015	11	12	AF	KH	3	0	WQ	IR	9	1083	727	+2	−1	180	215
2015	11	12	AU	KG	3	0	WQ		2	1701	1139	0	+1	39	172
2015	11	12	CN	BT	12	0	WQ		0	1561	571	0	0	67	232
2015	11	12	IN	GU	1	0	WQ		8	1041	883	+1	−2	185	205
2015	11	12	IR	TM	3	1	WQ		2	1726	1237	0	0	38	146
2015	11	12	LB	LA	7	0	WQ		2	1393	813	0	0	111	208
2015	11	12	MV	HK	0	1	WQ		-16	1006	1207	0	+3	187	159
2015	11	12	OM	NZ	0	1	F		-13	1506	1521	−5	+3	84	78
2015	11	12	PS	MY	6	0	WQ	JO	23	1343	1123	+8	−3	123	174
2015	11	12	PH	YE	0	1	WQ		-31	1235	1187	−8	+7	148	163
2015	11	12	SG	JP	0	3	WQ		-5	1193	1749	−1	+2	162	30
2015	11	12	KR	MM	4	0	WQ		1	1790	1033	0	−1	21	186
2015	11	12	TJ	BD	5	0	WQ		8	1230	920	+2	0	152	199
2015	11	12	TH	TW	4	2	WQ		1	1409	787	0	0	109	210
2015	11	12	AE	TL	8	0	WQ		0	1624	731	0	+1	53	214
2015	11	12	UZ	KP	3	1	WQ		15	1644	1517	+3	−5	49	80
2015	11	13	QA	TR	1	2	F		-6	1553	1813	−4	0	72	18
2015	11	17	BD	AU	0	4	WQ		-1	919	1702	0	+1	200	39
2015	11	17	BT	QA	0	3	WQ		0	571	1553	0	+2	232	69
2015	11	17	KH	JP	0	2	WQ		0	727	1749	0	0	215	31
2015	11	17	TL	SA	0	10	WQ		-2	729	1523	0	0	214	78
2015	11	17	GU	IR	0	6	WQ		-1	882	1727	0	−1	205	36
2015	11	17	HK	CN	0	0	WQ		12	1219	1549	+4	−3	155	71
2015	11	17	KG	JO	1	0	WQ		34	1173	1522	+5	−10	167	79
2015	11	17	LA	KR	0	5	WQ		-1	812	1791	0	+1	208	22
2015	11	17	MK	LB	0	1	F		-14	1440	1407	−2	+4	99	108
2015	11	17	MY	AE	1	2	WQ		-4	1119	1628	0	+3	174	50
2015	11	17	KP	BH	2	0	WQ		15	1532	1407	+6	−3	74	108
2015	11	17	SG	SY	1	2	WQ		-9	1184	1516	−1	+3	163	81
2015	11	17	TW	IQ	0	2	WQ		-2	785	1507	0	+2	210	84
2015	11	17	TM	OM	2	1	WQ		29	1266	1477	+5	−7	141	92
2015	11	17	UZ	YE	3	1	WQ	QA	4	1648	1183	0	−2	47	165
2015	12	17	BD	NP	1	0	F		6	925	884	0	0	200	203
2015	12	23	LK	NP	1	0	SFF	IN	27	793	857	+1	−3	210	206
2015	12	24	AF	BD	4	0	SFF	IN	22	1105	903	+3	−2	178	202
2015	12	24	MV	BT	3	1	SFF	IN	5	1011	566	0	0	187	232
2015	12	25	IN	LK	2	0	SFF		7	1048	786	0	0	185	210
2015	12	26	AF	BT	3	0	SFF	IN	3	1108	563	0	−2	178	234
2015	12	26	MV	BD	3	1	SFF	IN	21	1032	882	0	−1	187	203
2015	12	27	IN	NP	4	1	SFF		11	1059	846	+1	0	184	206
2015	12	28	AF	MV	4	1	SFF	IN	27	1135	1005	+4	0	174	187
2015	12	28	BD	BT	3	0	SFF	IN	10	892	553	+1	0	202	234
2015	12	31	AF	LK	5	0	SFF	IN	9	1144	777	0	−1	174	211
2015	12	31	IN	MV	3	2	SFF		12	1071	993	+1	−1	183	188
2016	01	03	IN	AF	2	1	SFF		18	1089	1126	+2	0	181	174
2016	01	08	BD	LK	4	2	FT		10	902	767	0	0	202	211
2016	01	11	MV	KH	3	2	FT	BD	5	998	722	+1	−1	187	216
2016	01	13	NP	LK	1	0	FT	BD	12	858	755	0	−2	206	213
2016	01	15	BD	NP	0	0	FT		-6	896	864	0	+1	202	205
2016	01	16	AE	IS	2	1	F		9	1637	1672	+1	−1	49	44
2016	01	19	NP	MV	4	1	FT	BD	36	900	962	+3	−2	202	189
2016	01	27	EG	JO	0	1	F		-15	1610	1537	−4	+5	56	74
2016	02	05	BH	LB	2	0	F		11	1418	1396	+1	−2	107	110
2016	02	14	UZ	LB	2	0	F	AE	6	1654	1390	+1	−1	46	111
2016	03	18	SY	IQ	1	0	F	IR	10	1526	1497	+3	−4	78	88
2016	03	18	AE	BD	6	1	F		0	1637	896	0	0	49	203
2016	03	19	TW	GU	3	2	F		10	795	872	0	0	210	205
2016	03	24	AU	TJ	7	0	WQ		3	1705	1227	−1	0	40	154
2016	03	24	BH	YE	3	0	WQ		9	1427	1174	+4	−2	103	167
2016	03	24	CN	MV	4	0	WQ		1	1550	961	0	−1	71	190
2016	03	24	IR	IN	4	0	WQ		1	1728	1088	0	0	36	181
2016	03	24	IQ	TH	2	2	WQ	IR	-5	1492	1414	−1	0	88	108
2016	03	24	JP	AF	5	0	WQ		1	1750	1125	0	0	31	175
2016	03	24	JO	BD	8	0	WQ		1	1538	895	+1	0	73	203
2016	03	24	OM	GU	1	0	WQ		1	1478	871	0	0	92	205
2016	03	24	QA	HK	2	0	WQ		5	1558	1214	+1	−2	68	158
2016	03	24	SA	MY	2	0	WQ		3	1526	1116	+1	−1	79	178
2016	03	24	SG	MM	2	1	F		4	1188	1029	+1	0	162	186
2016	03	24	KR	LB	1	0	WQ		2	1793	1388	0	−1	21	113
2016	03	24	SY	KH	6	0	WQ	OM	1	1527	721	0	0	78	216
2016	03	24	AE	PS	2	0	WQ		6	1643	1337	0	−1	49	123
2016	03	24	UZ	PH	1	0	WQ		2	1656	1233	0	−1	46	151
2016	03	24	VN	TW	4	1	WQ		3	1216	792	+1	0	157	210
2016	03	27	TH	KR	0	1	F		-3	1411	1796	0	0	107	21
2016	03	29	AF	SG	2	1	WQ	IR	24	1149	1164	+4	−6	171	169
2016	03	29	AU	JO	5	1	WQ		13	1718	1525	+1	−3	39	77
2016	03	29	CN	QA	2	0	WQ		22	1572	1536	+5	−5	67	75
2016	03	29	IN	TM	1	2	WQ		-16	1072	1282	−1	+3	183	137
2016	03	29	IR	OM	2	0	WQ		7	1735	1471	+1	−3	34	95
2016	03	29	IQ	VN	1	0	WQ	IR	7	1499	1209	+2	0	86	158
2016	03	29	JP	SY	5	0	WQ		11	1761	1516	+1	−3	29	79
2016	03	29	LB	MM	1	1	WQ		-17	1371	1046	−2	0	115	186
2016	03	29	MY	MO	0	0	F		-9	1107	622	−1	0	179	227
2016	03	29	MV	BT	4	2	WQ		3	964	550	0	0	192	234
2016	03	29	PS	TL	7	0	WQ		2	1339	727	+1	0	122	215
2016	03	29	PH	KP	3	2	WQ		30	1263	1502	+10	−9	143	84
2016	03	29	TJ	KG	0	1	WQ		-28	1199	1201	−7	+6	162	161
2016	03	29	AE	SA	1	1	WQ		-11	1632	1537	−3	+3	51	74
2016	03	29	UZ	BH	1	0	WQ		5	1661	1422	+1	−2	45	104
2016	05	27	EN	AU	2	1	F		2	1965	1716	+1	0	7	40
2016	05	28	MM	MY	0	0	F		-1	1045	1108	0	0	186	179
2016	05	29	AL	QA	3	1	F	AT	12	1624	1524	+5	−3	52	78
2016	05	29	KH	TL	2	0	F		11	732	716	+2	−2	215	217
2016	05	29	LA	NP	1	1	F		0	812	900	0	0	208	201
2016	05	31	VN	SY	2	0	F		23	1232	1493	+5	−6	153	85
2016	06	01	ES	KR	6	1	F	AT	9	2013	1787	0	−2	4	21
2016	06	02	LA	IN	0	1	SQ		-11	801	1083	0	+2	208	182
2016	06	02	MK	IR	1	3	F		-7	1432	1742	−1	+1	101	34
2016	06	02	MY	TL	3	0	SQ		4	1112	712	+1	0	178	217
2016	06	02	MV	YE	0	2	SQ		-21	943	1195	−5	+3	197	162
2016	06	02	TW	KH	2	2	SQ		-9	783	741	0	+1	210	214
2016	06	02	TJ	BD	5	0	SQ		7	1206	888	+1	0	160	202
2016	06	03	CN	TT	4	2	F		11	1583	1570	+4	−2	63	67
2016	06	03	HK	VN	2	2	FT	MM	1	1215	1231	0	−1	157	154
2016	06	03	JP	BG	7	2	FT		12	1773	1603	+3	−2	24	58
2016	06	03	JO	AE	3	1	KNG	TH	29	1554	1603	+3	−7	73	58
2016	06	03	MM	SG	0	1	FT		-14	1031	1178	0	+2	186	166
2016	06	03	TH	SY	2	2	KNG		-1	1410	1494	0	0	106	85
2016	06	04	AU	GR	1	0	F		5	1721	1601	0	−4	39	61
2016	06	05	CZ	KR	1	2	F		-12	1756	1799	−5	+1	31	19
2016	06	05	SY	AE	1	0	KNG	TH	20	1514	1583	+5	−5	80	62
2016	06	05	TH	JO	2	0	KNG		25	1435	1529	+6	−1	100	75
2016	06	06	MY	TL	3	0	SQ		4	1116	708	0	0	176	217
2016	06	06	MM	HK	3	0	FT		32	1063	1183	0	−10	186	167
2016	06	06	VN	SG	3	0	FT	MM	22	1253	1156	+6	−2	147	170
2016	06	07	AU	GR	1	2	F		-16	1705	1617	−1	+4	40	55
2016	06	07	BD	TJ	0	1	SQ		-9	879	1215	−2	0	204	159
2016	06	07	KH	TW	2	0	SQ		25	766	758	+4	−2	210	212
2016	06	07	CA	UZ	2	1	F	AT	14	1522	1647	+1	−3	80	48
2016	06	07	CN	KZ	0	1	F		-17	1566	1422	−8	+4	69	105
2016	06	07	IN	LA	6	1	SQ		8	1091	793	+2	−1	182	209
2016	06	07	IR	KG	6	0	F		1	1743	1200	−2	−2	35	163
2016	06	07	JP	BA	1	2	FT		-20	1753	1761	−9	+7	32	27
2016	06	07	YE	MV	2	0	SQ	QA	11	1206	932	+2	0	161	197
2016	06	17	PG	MY	2	0	F		10	1139	1106	+1	−3	173	180
2016	06	22	NC	MY	1	2	F		-17	1301	1123	−5	+4	131	176
2016	06	26	FJ	MY	1	1	F		-6	1239	1129	−1	+1	149	175
2016	06	30	MO	MN	2	2	EAQ	GU	3	625	670	0	0	227	224
2016	06	30	TW	MP	8	1	EAQ	GU	14	772	448	+2	0	210	237
2016	07	02	MO	MP	3	1	EAQ	GU	16	641	432	+2	0	225	237
2016	07	02	TW	MN	2	0	EAQ	GU	21	793	649	+1	0	209	224
2016	07	04	MN	MP	8	0	EAQ	GU	21	670	411	0	0	224	237
2016	07	04	TW	MO	3	2	EAQ	GU	12	805	629	+1	−2	208	227
2016	07	24	UZ	IQ	2	1	F		4	1651	1495	0	0	49	85
2016	07	28	KH	SG	2	1	F		17	783	1139	0	−2	211	172
2016	08	08	OM	TM	1	0	F		3	1474	1279	0	−1	92	141
2016	08	08	QA	IQ	2	1	F		6	1530	1489	+3	−1	75	86
2016	08	13	BT	IN	0	3	F		-3	547	1094	0	0	234	182
2016	08	16	KP	IQ	1	0	F	MY	10	1512	1479	+2	−3	82	89
2016	08	18	QA	JO	3	2	F	CH	10	1540	1519	+2	−4	73	80
2016	08	21	IQ	KP	1	1	F	MY	1	1480	1511	0	0	89	82
2016	08	24	UZ	BF	1	0	F		3	1654	1462	+1	0	48	94
2016	08	24	SA	LA	4	0	F	QA	1	1538	792	0	0	74	210
2016	08	24	KP	AE	2	0	F	CN	18	1529	1565	+6	−6	76	67
2016	08	25	QA	TH	3	0	F		8	1548	1427	+1	−1	72	102
2016	08	27	TJ	SY	0	0	F		5	1220	1509	+2	0	156	82
2016	08	30	KG	KZ	2	0	F		20	1220	1402	+6	−5	157	110
2016	08	31	LB	JO	1	1	F		1	1372	1518	0	+1	115	80
2016	08	31	IE	OM	4	0	F		4	1764	1470	+1	0	25	92
2016	09	01	MV	BD	5	0	F		12	944	867	0	−1	197	205
2016	09	01	HK	KH	4	2	F		2	1185	781	0	0	167	211
2016	09	01	BH	SG	3	1	F		3	1425	1136	+3	−1	102	173
2016	09	01	UZ	SY	1	0	WQ		8	1662	1501	+1	−1	47	83
2016	09	01	KR	CN	3	2	WQ		5	1804	1561	+2	−2	19	68
2016	09	01	SA	TH	1	0	WQ		9	1547	1418	+2	−4	72	106
2016	09	01	JP	AE	1	2	WQ		-34	1719	1599	−10	+6	38	61
2016	09	01	IR	QA	2	0	WQ		9	1752	1539	+1	−2	29	74
2016	09	01	AU	IQ	2	0	WQ		8	1713	1472	+1	−2	41	91
2016	09	03	IN	PR	4	1	F		12	1106	1059	+1	−1	181	185
2016	09	04	BH	JO	0	0	F		0	1425	1518	0	0	102	79
2016	09	05	LB	AF	2	0	F		4	1376	1145	+2	0	114	170
2016	09	06	PS	TJ	1	1	F		-6	1333	1226	0	+1	121	156
2016	09	06	KG	PH	1	2	F		-12	1208	1275	−3	0	160	144
2016	09	06	ID	MY	3	0	F		9	1217	1120	+1	0	159	175
2016	09	06	MV	LA	4	0	SQ		14	958	778	+7	−1	190	211
2016	09	06	BD	BT	0	0	SQ		-17	850	564	−1	+3	206	231
2016	09	06	AE	AU	0	1	WQ		-19	1580	1732	−3	+5	63	35
2016	09	06	TH	JP	0	2	WQ		-14	1404	1733	−3	+3	108	34
2016	09	06	SY	KR	0	0	WQ	MY	14	1515	1790	+4	−3	80	22
2016	09	06	QA	UZ	0	1	WQ		-19	1520	1681	−1	+1	78	46
2016	09	06	IQ	SA	1	2	WQ	MY	-16	1456	1563	−5	+3	95	68
2016	09	06	CN	IR	0	0	WQ		5	1566	1747	+2	0	66	28
2016	09	29	QA	RS	3	0	F		22	1542	1700	+3	−6	75	43
2016	10	05	TJ	PS	3	3	F		0	1226	1333	+1	0	155	121
2016	10	06	VN	KP	5	2	F		26	1279	1503	+5	−8	142	84
2016	10	06	KG	LB	0	0	F		2	1210	1374	0	0	159	115
2016	10	06	KH	HK	0	2	F		-4	777	1189	−1	+2	211	166
2016	10	06	UZ	IR	0	1	WQ		-22	1659	1769	−2	+2	48	26
2016	10	06	AE	TH	3	1	WQ		10	1590	1394	+2	−3	61	111
2016	10	06	KR	QA	3	2	WQ		5	1795	1537	0	−2	22	76
2016	10	06	SA	AU	2	2	WQ		4	1567	1728	+1	+1	67	34
2016	10	06	JP	IQ	2	1	WQ		4	1737	1452	+1	−3	33	98
2016	10	06	CN	SY	0	1	WQ		-28	1538	1543	−9	+8	75	72
2016	10	07	SG	MY	0	0	F		-3	1133	1123	−1	0	173	175
2016	10	07	PH	BH	1	3	F		-13	1262	1438	−1	+2	146	99
2016	10	07	OM	JO	1	1	F		-1	1469	1519	+1	0	90	79
2016	10	08	TW	TL	2	1	SQ		10	815	698	0	−1	208	218
2016	10	09	ID	VN	2	2	F		-1	1216	1280	0	+2	157	142
2016	10	09	KH	LK	4	0	F		12	789	743	+1	−1	210	214
2016	10	10	PH	KP	1	3	F		-9	1253	1512	−2	+1	148	81
2016	10	10	MA	JO	2	1	F		6	1586	1513	+4	0	61	79
2016	10	10	BT	BD	3	1	SQ		45	609	805	+3	−2	228	208
2016	10	11	OM	BH	2	2	F		-4	1465	1442	−2	0	94	98
2016	10	11	MY	AF	1	1	F		-2	1121	1147	0	0	174	170
2016	10	11	LB	GQ	1	1	F		-4	1370	1346	−1	0	116	119
2016	10	11	KG	TM	1	0	F		9	1219	1270	+4	0	156	145
2016	10	11	HK	SG	2	0	F		9	1198	1124	+2	0	164	173
2016	10	11	TW	TL	2	1	SQ		9	824	689	0	−2	207	220
2016	10	11	LA	MV	1	1	SQ		5	783	953	0	−3	211	193
2016	10	11	UZ	CN	2	0	WQ		13	1672	1525	+3	−1	45	76
2016	10	11	SA	AE	3	0	WQ		27	1594	1563	+7	−8	60	67
2016	10	11	QA	SY	1	0	WQ		15	1552	1528	+5	−1	71	74
2016	10	11	IQ	TH	4	0	WQ	IR	31	1483	1363	+9	−5	87	117
2016	10	11	IR	KR	1	0	WQ		16	1785	1779	+5	−3	21	24
2016	10	11	AU	JP	1	1	WQ		-5	1723	1742	−2	−1	36	33
2016	10	15	KH	LA	2	1	SEQ		14	803	769	+1	0	209	211
2016	10	15	BN	TL	2	1	SEQ	KH	25	628	664	+2	−4	228	224
2016	10	18	LA	TL	2	1	SEQ	KH	14	783	650	0	0	211	224
2016	10	18	KH	BN	3	0	SEQ		12	815	616	+1	0	208	228
2016	10	21	LA	BN	4	3	SEQ	KH	11	794	605	0	−2	211	230
2016	10	21	KH	TL	3	2	SEQ		7	822	643	0	0	208	224
2016	11	02	BN	TL	4	0	ASC	MY	42	647	601	+6	−6	224	230
2016	11	03	MO	MN	2	1	ASC	MY	22	651	648	+4	−1	223	224
2016	11	03	LA	LK	2	1	ASC	MY	17	811	726	+2	0	209	214
2016	11	04	MM	ID	0	0	F		2	1065	1214	0	−1	184	160
2016	11	05	TL	NP	0	0	ASC	MY	14	615	886	+2	0	228	201
2016	11	06	KP	TW	2	0	EAQ	HK	1	1513	823	+2	0	79	207
2016	11	06	HK	GU	3	2	EAQ		3	1201	868	0	0	164	204
2016	11	06	MN	LK	2	0	ASC	MY	37	685	689	+1	−6	223	220
2016	11	06	MO	LA	4	1	ASC	MY	50	701	761	+7	−3	216	212
2016	11	06	JO	IQ	0	0	F		-4	1509	1487	−4	0	83	87
2016	11	08	VN	ID	3	2	F		6	1286	1208	+1	−1	141	161
2016	11	08	NP	BN	3	0	ASC	MY	14	900	633	0	0	201	225
2016	11	09	KP	GU	2	0	EAQ	HK	1	1514	867	0	0	79	204
2016	11	09	HK	TW	4	2	EAQ		4	1205	819	0	−1	164	208
2016	11	09	MO	LK	1	1	ASC	MY	-1	700	690	−1	0	217	220
2016	11	09	LA	MN	3	0	ASC	MY	27	788	658	+1	−1	211	224
2016	11	09	AE	BH	2	0	F		7	1570	1435	+1	−1	67	99
2016	11	09	TJ	TM	3	0	F		15	1241	1255	+1	−3	152	148
2016	11	09	SY	SG	2	0	F	MY	3	1531	1121	0	0	74	173
2016	11	09	PH	KG	1	0	F		6	1259	1213	+3	−3	145	159
2016	11	10	UZ	JO	1	0	F		4	1676	1505	−1	0	46	82
2016	11	10	QA	RU	2	1	F		11	1563	1684	+2	−3	69	44
2016	11	10	LB	PS	1	1	F		-4	1366	1337	0	0	116	121
2016	11	10	IR	PG	8	1	F	MY	1	1786	1138	0	0	21	171
2016	11	11	KR	CA	2	0	F		3	1782	1517	+1	0	23	77
2016	11	11	JP	OM	4	0	F		4	1746	1461	0	0	32	93
2016	11	12	TW	GU	2	0	EAQ	HK	34	853	833	+3	−3	205	207
2016	11	12	HK	KP	0	1	EAQ		-9	1196	1523	0	+2	164	76
2016	11	12	LA	NP	2	2	ASC	MY	6	794	894	0	0	211	201
2016	11	12	BN	MO	1	1	ASC	MY	4	637	696	0	0	225	217
2016	11	13	TJ	AF	1	0	F		5	1246	1142	+3	0	149	170
2016	11	13	SG	KH	1	0	F		2	1123	820	−1	0	174	208
2016	11	14	MM	OM	0	3	F		-5	1060	1466	0	+2	184	92
2016	11	14	MY	PG	2	1	F		8	1129	1130	+1	−2	174	173
2016	11	14	LA	BN	3	2	ASC	MY	12	806	625	+2	−2	209	227
2016	11	15	JO	LB	0	0	F		-6	1499	1372	−1	−1	83	117
2016	11	15	BH	KG	0	0	F		-7	1428	1220	−2	+5	100	154
2016	11	15	NP	MO	1	0	ASC	MY	10	904	686	0	−4	201	221
2016	11	15	AE	IQ	2	0	WQ		16	1586	1471	+4	−3	64	90
2016	11	15	TH	AU	2	2	WQ		13	1376	1710	+3	−2	114	36
2016	11	15	SY	IR	0	0	WQ	MY	13	1544	1773	+1	−2	73	24
2016	11	15	KR	UZ	2	1	WQ		9	1791	1667	+2	−3	22	48
2016	11	15	JP	SA	2	1	WQ		8	1754	1586	+2	−3	30	64
2016	11	15	CN	QA	0	0	WQ		-4	1521	1567	−1	0	76	69
2016	11	19	TH	ID	4	2	SEA	PH	17	1393	1191	+2	−4	112	165
2016	11	19	PH	SG	0	0	SEA		-12	1247	1135	−3	+3	148	172
2016	11	20	MM	VN	1	2	SEA		-13	1047	1299	−1	+6	185	134
2016	11	20	MY	KH	3	2	SEA	MM	6	1135	814	+3	0	172	208
2016	11	22	TH	SG	1	0	SEA	PH	7	1400	1128	+2	−3	110	175
2016	11	22	PH	ID	2	2	SEA		-8	1239	1199	−3	+2	151	163
2016	11	23	VN	MY	1	0	SEA	MM	11	1310	1124	+5	−3	129	175
2016	11	23	MM	KH	3	1	SEA		8	1055	806	+1	0	184	208
2016	11	25	PH	TH	0	1	SEA		-17	1222	1417	−1	+7	152	103
2016	11	25	ID	SG	2	1	SEA	PH	16	1215	1112	+5	−3	158	177
2016	11	26	VN	KH	2	1	SEA	MM	2	1312	804	+1	−2	128	210
2016	11	26	MM	MY	1	0	SEA		18	1073	1106	0	−3	184	177
2016	12	03	ID	VN	2	1	SEA		20	1235	1292	+6	−10	152	138
2016	12	04	MM	TH	0	2	SEA		-12	1061	1429	0	+3	184	100
2016	12	07	VN	ID	2	2	SEA		-8	1284	1243	−2	+1	140	151
2016	12	08	TH	MM	4	0	SEA		5	1434	1056	+1	0	99	184
2016	12	14	ID	TH	2	1	SEA		25	1268	1409	+7	−7	144	106
2016	12	17	TH	ID	2	0	SEA		12	1421	1256	+3	−3	103	147
2017	01	10	CN	IS	0	2	FT		-14	1507	1779	−5	+2	81	24
2017	01	14	CN	HR	1	1	FT		10	1517	1881	+4	−1	77	15
2017	01	14	SA	KH	7	2	F	AE	0	1586	804	0	0	64	210
2017	01	17	QA	MD	1	1	F		-7	1560	1348	−2	+2	70	119
2017	01	23	GE	UZ	2	2	F	AE	5	1480	1662	+1	−1	86	49
2017	01	25	JO	GE	1	0	F	AE	9	1508	1471	+2	−1	82	87
2017	03	09	QA	AZ	1	2	F		-16	1544	1440	−2	+6	73	96
2017	03	18	IR	IQ	0	1	F		-18	1755	1489	−4	+1	28	86
2017	03	21	ID	MM	1	3	F		-25	1231	1081	−6	+1	153	183
2017	03	22	VN	TW	1	1	F		-9	1275	862	−4	+2	144	203
2017	03	22	PH	MY	0	0	F		-6	1216	1112	−4	+2	158	175
2017	03	22	PS	YE	1	0	F	QA	6	1343	1200	0	−1	122	162
2017	03	22	KH	IN	2	3	F		-5	799	1111	−1	0	211	177
2017	03	23	JO	HK	4	0	F		3	1511	1193	0	0	82	164
2017	03	23	BH	TJ	1	1	F		-7	1421	1253	−3	0	103	149
2017	03	23	AF	SG	2	1	F	QA	9	1151	1103	0	−3	170	178
2017	03	23	AE	JP	0	2	WQ		-24	1562	1778	−6	+7	71	23
2017	03	23	TH	SA	0	3	WQ		-29	1392	1615	−7	+8	111	57
2017	03	23	SY	UZ	1	0	WQ	MY	27	1571	1635	+3	−3	70	53
2017	03	23	QA	IR	0	1	WQ		-14	1530	1769	−2	+4	75	24
2017	03	23	IQ	AU	1	1	WQ	IR	11	1500	1699	+1	−2	85	38
2017	03	23	CN	KR	1	0	WQ		29	1546	1762	+5	−6	74	27
2017	03	26	TW	TM	1	3	SQ		-9	853	1264	−2	+1	205	147
2017	03	28	YE	TJ	2	1	SQ	QA	23	1223	1230	+9	−3	153	152
2017	03	28	PH	NP	4	1	SQ		6	1222	898	+3	0	155	201
2017	03	28	BH	SG	0	0	SQ		-17	1404	1120	−3	+3	106	175
2017	03	28	OM	BT	14	0	SQ		1	1467	608	−1	0	89	229
2017	03	28	MV	PS	0	3	SQ		-11	942	1354	−4	+3	197	118
2017	03	28	JO	KH	7	0	SQ		1	1512	798	+2	+1	81	210
2017	03	28	AF	VN	1	1	SQ	TJ	7	1158	1268	+1	−3	169	145
2017	03	28	LB	HK	2	0	SQ		10	1382	1183	+4	−2	113	166
2017	03	28	KG	MO	1	0	SQ		1	1221	685	0	−1	156	222
2017	03	28	MM	IN	0	1	SQ		-24	1057	1135	−3	+3	184	172
2017	03	28	UZ	QA	1	0	WQ		9	1644	1521	+1	−4	52	79
2017	03	28	KR	SY	1	0	WQ		6	1768	1565	+2	0	26	68
2017	03	28	SA	IQ	1	0	WQ		9	1624	1491	+1	0	56	84
2017	03	28	JP	TH	4	0	WQ		4	1782	1388	−1	−1	23	111
2017	03	28	IR	CN	1	0	WQ		5	1774	1541	+1	−1	25	74
2017	03	28	AU	AE	2	0	WQ		12	1711	1550	+2	−1	37	72
2017	06	01	IQ	JO	1	0	F		8	1499	1504	0	−2	84	83
2017	06	02	OM	SY	1	1	F		0	1467	1565	0	+1	89	67
2017	06	04	ME	IR	1	2	F		-7	1577	1781	−1	−1	64	25
2017	06	06	UZ	TH	2	0	F		3	1647	1385	0	−1	52	111
2017	06	06	SG	MM	1	1	F		-4	1116	1061	0	0	176	184
2017	06	06	QA	KP	2	2	F		-3	1518	1526	−1	+2	80	76
2017	06	06	IN	NP	2	0	F		4	1139	894	0	0	172	201
2017	06	06	BH	PS	0	2	F		-21	1383	1375	−6	+2	112	116
2017	06	06	AF	MV	2	1	F	AE	4	1162	938	+1	0	168	197
2017	06	07	AE	LA	4	0	F	MY	1	1551	805	0	0	72	208
2017	06	07	JP	SY	1	1	F		-7	1775	1572	−1	0	25	66
2017	06	07	IQ	KR	0	0	F	AE	6	1505	1762	+2	−3	82	29
2017	06	07	HK	JO	0	0	F		6	1189	1498	0	−1	167	84
2017	06	07	CN	PH	8	1	F		4	1545	1218	+1	−3	73	159
2017	06	08	KH	ID	0	2	F		-4	794	1235	−1	0	211	151
2017	06	08	AU	SA	3	2	WQ		10	1721	1614	+1	−1	35	57
2017	06	10	SG	TW	1	2	SQ		-36	1080	889	−5	+3	181	202
2017	06	12	IR	UZ	2	0	WQ		12	1793	1635	0	−2	23	53
2017	06	13	SG	AR	0	6	F		0	1080	2018	0	0	181	3
2017	06	13	AU	BR	0	4	F		-6	1715	2115	0	0	35	1
2017	06	13	VN	JO	0	0	SQ		7	1275	1491	0	−1	142	85
2017	06	13	TM	BH	1	2	SQ		-19	1245	1402	−5	+5	149	106
2017	06	13	TJ	PH	3	4	SQ		-26	1204	1244	−10	+8	162	150
2017	06	13	PS	OM	2	1	SQ		20	1395	1447	+8	−4	108	95
2017	06	13	NP	YE	0	0	SQ		12	906	1211	+2	−5	199	159
2017	06	13	MY	LB	1	2	SQ		-11	1101	1393	−1	+4	177	109
2017	06	13	MO	MM	0	4	SQ		-13	672	1074	−1	+1	223	183
2017	06	13	IN	KG	1	0	SQ		19	1158	1202	+2	−8	171	164
2017	06	13	HK	KP	1	1	SQ		12	1201	1514	+2	−3	165	81
2017	06	13	KH	AF	1	0	SQ		33	827	1129	+3	−4	208	173
2017	06	13	BT	MV	0	2	SQ		-13	595	951	−1	+4	230	193
2017	06	13	TH	AE	1	1	WQ		4	1389	1547	−3	0	110	72
2017	06	13	SY	CN	2	2	WQ	MY	-2	1570	1547	0	+1	68	72
2017	06	13	QA	KR	3	2	WQ		28	1546	1734	+6	−5	74	34
2017	06	13	IQ	JP	1	1	WQ	IR	13	1518	1762	+2	−3	80	28
2017	06	19	DE	AU	3	2	CC	RU	7	2048	1708	0	−2	2	38
2017	06	22	AU	CM	1	1	CC	RU	-2	1706	1678	0	0	37	47
2017	06	25	AU	CL	1	1	CC	RU	16	1722	1964	+2	−3	35	8
2017	07	14	TH	KP	3	0	KNG		28	1417	1486	+5	−5	105	86
2017	08	16	QA	AD	1	0	F	EN	1	1547	1022	+2	0	72	187
2017	08	19	IN	MU	2	1	FT		7	1165	1033	+1	0	170	185
2017	08	22	MY	SY	1	2	F		-2	1099	1572	−1	0	176	68
2017	08	23	QA	TM	2	1	F		2	1549	1243	0	−2	72	151
2017	08	24	IN	KN	1	1	FT		-1	1164	1252	0	0	170	145
2017	08	25	UZ	KG	5	0	F		2	1637	1200	0	−1	52	165
2017	08	26	IQ	SY	1	1	F	MY	2	1520	1570	0	0	80	68
2017	08	29	MM	MY	1	0	F		8	1082	1091	+3	−2	180	178
2017	08	29	BH	JO	0	0	F		0	1402	1491	0	0	107	85
2017	08	29	AE	SA	2	1	WQ		18	1565	1596	+3	−7	70	63
2017	08	30	OM	AF	2	0	F		2	1449	1127	+2	0	93	172
2017	08	31	SG	HK	1	1	F		1	1081	1200	+1	0	181	164
2017	08	31	TH	IQ	1	2	WQ		-20	1397	1540	−3	+5	108	75
2017	08	31	SY	QA	3	1	WQ	MY	28	1598	1521	+6	−7	62	80
2017	08	31	KR	IR	0	0	WQ		-2	1732	1795	0	+2	34	22
2017	08	31	JP	AU	2	0	WQ		19	1781	1703	+3	−2	25	37
2017	08	31	CN	UZ	1	0	WQ		19	1566	1618	+6	−3	68	55
2017	09	05	SG	TM	1	1	SQ		4	1085	1239	+1	+1	180	149
2017	09	05	PH	YE	2	2	SQ		-7	1237	1218	−2	+4	151	156
2017	09	05	OM	MV	5	0	SQ		2	1451	949	−1	0	96	192
2017	09	05	KP	LB	2	2	SQ		-10	1476	1403	−4	+3	90	107
2017	09	05	NP	TJ	1	2	SQ		-10	896	1214	−2	+1	201	161
2017	09	05	MY	HK	1	1	SQ		1	1092	1199	0	−1	178	165
2017	09	05	MO	IN	0	2	SQ		-6	666	1170	0	0	223	169
2017	09	05	JO	AF	4	1	SQ		5	1496	1122	−1	−1	86	173
2017	09	05	KH	VN	1	2	SQ		-5	822	1280	0	+1	208	142
2017	09	05	BT	PS	0	2	SQ		-1	594	1396	0	+1	230	108
2017	09	05	BH	TW	5	0	SQ		2	1404	887	+1	0	106	202
2017	09	05	UZ	KR	0	0	WQ		1	1619	1731	−1	0	59	34
2017	09	05	SA	JP	1	0	WQ		25	1621	1756	+4	−6	57	31
2017	09	05	QA	CN	1	2	WQ		-23	1498	1589	−6	+5	85	64
2017	09	05	IQ	AE	1	0	WQ	JO	21	1561	1544	+3	−3	70	73
2017	09	05	IR	SY	2	2	WQ		-14	1781	1612	−2	0	25	60
2017	09	05	AU	TH	2	1	WQ		4	1707	1393	0	−1	38	109
2017	10	02	MO	LA	3	1	F		17	683	788	+1	−3	222	212
2017	10	04	JO	OM	1	1	F	AE	-1	1495	1452	+1	0	85	96
2017	10	04	ID	KH	3	1	F		2	1227	820	0	0	153	208
2017	10	05	TW	MN	4	2	F		4	891	654	0	0	202	224
2017	10	05	QA	SG	3	1	F		1	1499	1084	0	0	84	180
2017	10	05	MM	TH	1	3	F		-7	1075	1400	−2	+1	183	108
2017	10	05	IQ	KE	2	1	F		3	1564	1382	0	0	70	111
2017	10	05	IR	TG	2	0	F		2	1783	1379	0	−2	25	114
2017	10	05	HK	LA	4	0	F		2	1201	786	+1	0	164	212
2017	10	05	SY	AU	1	1	WQ	MY	5	1617	1702	0	−1	60	39
2017	10	06	JP	NZ	2	1	F		3	1759	1516	+2	0	29	78
2017	10	07	SA	JM	5	2	F		11	1632	1565	+1	−1	55	70
2017	10	07	RU	KR	4	2	F		13	1697	1718	+2	−2	41	36
2017	10	08	TH	KE	1	0	F		7	1407	1375	+5	−5	103	116
2017	10	10	SA	GH	0	3	F		-24	1608	1621	−6	+6	61	56
2017	10	10	RU	IR	1	1	F		0	1697	1783	0	0	42	22
2017	10	10	QA	CW	1	2	F		-18	1481	1265	−3	+3	86	145
2017	10	10	MA	KR	3	1	F	CH	18	1654	1700	+4	−4	50	40
2017	10	10	JP	HT	3	3	F		-8	1751	1481	0	+5	29	86
2017	10	10	VN	KH	5	0	SQ		3	1283	817	+2	0	140	208
2017	10	10	TM	SG	2	1	SQ		7	1246	1077	0	−3	150	182
2017	10	10	TJ	NP	3	0	SQ		6	1220	890	+6	−1	155	202
2017	10	10	TW	BH	2	1	SQ		37	928	1367	+4	−12	198	117
2017	10	10	PH	YE	1	1	SQ	QA	-1	1236	1219	0	−1	152	157
2017	10	10	PS	BT	10	0	SQ		1	1397	593	+1	−1	108	231
2017	10	10	MM	KG	2	2	SQ		1	1076	1199	0	0	183	165
2017	10	10	MV	OM	1	3	SQ		-5	944	1457	−4	+4	196	93
2017	10	10	LB	KP	5	0	SQ		37	1440	1439	+9	−9	97	98
2017	10	10	HK	MY	2	0	SQ		14	1215	1078	+3	−1	161	179
2017	10	10	AF	JO	3	3	SQ	TJ	16	1138	1479	+1	−4	172	89
2017	10	10	AU	SY	2	1	WQ		10	1712	1607	+2	−4	38	62
2017	10	11	IN	MO	4	1	SQ		2	1172	681	0	0	169	222
2017	11	07	SA	LV	2	0	F	PT	6	1614	1370	+2	−1	59	116
2017	11	09	SG	LB	0	1	F		-4	1073	1444	−1	+1	183	96
2017	11	09	IR	PA	2	1	F	AT	7	1790	1666	0	0	22	46
2017	11	09	HK	BH	0	2	F		-13	1202	1380	−2	+5	163	112
2017	11	09	KH	MM	1	2	F		-6	811	1082	0	+5	208	178
2017	11	10	AE	HT	0	1	F		-14	1530	1495	−2	+5	74	81
2017	11	10	KR	CO	2	1	F		14	1714	1920	+4	−1	38	9
2017	11	10	PT	SA	3	0	F		2	2003	1612	0	−1	5	59
2017	11	10	CN	RS	0	2	F		-12	1577	1769	0	+2	68	24
2017	11	10	BR	JP	3	1	F	FR	3	2115	1748	+1	+1	1	28
2017	11	10	KP	MY	4	1	SQ	TH	8	1447	1070	+2	−3	96	183
2017	11	10	HN	AU	0	0	WQ		-1	1625	1713	0	−1	55	39
2017	11	11	QA	CZ	0	1	FT		-10	1471	1713	−3	+2	91	39
2017	11	13	IQ	SY	1	1	F		-2	1562	1609	0	0	70	60
2017	11	13	IR	VE	1	0	F	NL	9	1799	1738	+1	−4	21	33
2017	11	13	BG	SA	1	0	F	PT	10	1621	1602	+4	−5	55	63
2017	11	13	KP	MY	4	1	SQ	TH	7	1454	1063	0	−1	96	184
2017	11	14	AE	UZ	1	0	F		10	1540	1609	+2	−5	72	61
2017	11	14	KR	RS	1	1	F		-1	1713	1770	0	+1	37	23
2017	11	14	CN	CO	0	4	F		-7	1570	1927	0	0	68	9
2017	11	14	BE	JP	1	0	F		3	1928	1745	0	−2	8	30
2017	11	14	QA	IS	1	1	FT		9	1480	1811	+4	−1	87	21
2017	11	14	VN	AF	0	0	SQ		-12	1271	1150	−4	+1	142	171
2017	11	14	TM	TW	2	1	SQ		3	1249	925	+1	0	150	198
2017	11	14	TJ	YE	0	0	SQ		-6	1214	1225	−5	+3	161	155
2017	11	14	SG	BH	0	3	SQ		-16	1057	1396	−2	+4	184	109
2017	11	14	PS	MV	8	1	SQ		4	1401	940	+1	0	107	196
2017	11	14	NP	PH	0	0	SQ		12	902	1224	0	−3	202	156
2017	11	14	MO	KG	3	4	SQ		-3	678	1202	0	+1	222	163
2017	11	14	IN	MM	2	2	SQ		-10	1162	1092	0	0	169	178
2017	11	14	HK	LB	0	1	SQ		-12	1190	1456	−4	+2	167	95
2017	11	14	KH	JO	0	1	SQ		-1	810	1480	0	0	208	87
2017	11	14	BT	OM	2	4	SQ		-1	592	1458	0	0	231	93
2017	11	15	AU	HN	3	1	WQ		15	1728	1610	+2	−5	35	58