2015	07	06	MW	UG	1	0	F		11	1383	1489	+3	−3	114	89
2015	07	31	RE	MU	1	0	IOG		2	1364	1028	+1	+1	119	186
2015	08	02	MG	YT	1	1	IOG	RE	-3	1273	1214	0	0	138	157
2015	08	02	MV	SC	2	1	IOG	RE	13	1035	956	+2	−2	185	192
2015	08	04	MG	MV	4	0	IOG	RE	11	1284	1024	+3	−2	135	187
2015	08	04	YT	SC	1	0	IOG	RE	6	1220	950	+1	0	156	192
2015	08	06	YT	MU	2	1	IOG	RE	7	1227	1021	+4	−1	152	187
2015	08	06	RE	MG	1	0	IOG		8	1372	1276	+1	−3	118	138
2015	08	07	MU	MG	3	1	IOG	RE	37	1058	1239	+5	−6	182	144
2015	08	28	LY	TZ	2	1	F	TR	4	1477	1240	0	0	92	142
2015	08	28	RW	ET	3	1	F		9	1415	1341	+1	−1	108	126
2015	09	01	CG	GH	2	3	F		-7	1437	1655	−1	+1	103	49
2015	09	04	DJ	TG	0	2	FQ		-2	785	1444	−1	+1	211	100
2015	09	05	BW	BF	1	0	FQ		25	1294	1441	+4	−4	134	100
2015	09	05	BI	NE	2	0	FQ		21	1334	1279	+5	−4	126	137
2015	09	05	KM	UG	0	1	FQ		-2	889	1491	−1	−1	203	90
2015	09	05	GA	SD	4	0	F		8	1492	1343	+2	0	89	124
2015	09	05	GW	CG	2	4	FQ		-23	1230	1460	−11	+6	152	96
2015	09	05	LR	TN	1	0	FQ		30	1315	1541	+3	−5	131	71
2015	09	05	MR	ZA	3	1	FQ		48	1252	1506	+20	−14	142	82
2015	09	05	NA	SN	0	2	FQ		-14	1350	1678	−3	+2	123	45
2015	09	05	RW	GH	0	1	FQ		-12	1403	1667	0	+2	108	48
2015	09	05	ST	MA	0	3	FQ		-7	1071	1559	−1	+4	181	66
2015	09	05	SC	ET	1	1	FQ		14	964	1327	+2	−2	190	128
2015	09	05	SS	GQ	1	0	FQ		32	1087	1357	+3	−10	180	122
2015	09	05	TZ	NG	0	0	FQ		15	1255	1647	+2	−2	141	50
2015	09	06	BJ	ML	1	1	FQ		4	1386	1544	+3	−2	111	71
2015	09	06	CV	LY	2	1	FQ	EG	16	1556	1461	+6	+1	67	94
2015	09	06	TD	EG	1	5	FQ		-13	1251	1641	−3	+1	143	52
2015	09	06	CF	CD	2	0	FQ		44	1271	1457	+15	−11	139	96
2015	09	06	GM	CM	0	1	FQ		-11	1349	1632	−5	+1	124	54
2015	09	06	CI	SL	0	0	FQ	NG	-17	1720	1340	−6	+4	36	126
2015	09	06	KE	ZM	1	2	FQ		-19	1375	1529	−7	+5	117	76
2015	09	06	LS	DZ	1	3	FQ		-6	1199	1684	0	+1	162	44
2015	09	06	MG	AO	0	0	FQ		7	1246	1450	+1	−1	145	98
2015	09	06	MU	MZ	1	0	FQ		29	1087	1303	+3	−6	180	133
2015	09	06	SZ	MW	2	2	FQ		2	1242	1381	−3	0	148	113
2015	09	06	ZW	GN	1	1	FQ		3	1362	1503	+1	−1	119	83
2015	09	08	NG	NE	2	0	F		2	1649	1277	+1	+1	50	136
2015	09	08	ZA	SN	1	0	F		12	1518	1666	+3	−4	79	49
2015	09	08	ZM	GA	1	1	F		-4	1525	1496	−1	+1	77	87
2015	09	12	RW	GA	0	1	F		-10	1393	1506	−1	+4	109	83
2015	09	30	BW	ET	2	3	F		-12	1282	1339	0	+1	134	127
2015	10	07	KM	LS	0	0	WQ		11	900	1188	+2	0	202	161
2015	10	07	MU	KE	2	5	WQ		-18	1069	1393	−2	+6	182	109
2015	10	07	SC	BI	0	1	WQ		-7	957	1341	−1	+2	191	126
2015	10	07	TZ	MW	2	0	WQ		32	1287	1349	+6	−12	134	123
2015	10	08	CR	ZA	0	1	F		-18	1757	1536	−4	+3	26	74
2015	10	08	CD	NG	2	0	F	BE	23	1480	1626	+3	−4	93	54
2015	10	08	LR	GW	1	1	WQ		-10	1305	1240	0	+4	131	149
2015	10	08	ST	ET	1	0	WQ		29	1100	1310	+2	−1	179	129
2015	10	08	SS	MR	1	1	WQ		4	1091	1248	0	−1	180	143
2015	10	09	DZ	GN	1	2	F		-17	1667	1520	−2	+5	45	80
2015	10	09	DJ	SZ	0	6	WQ		-10	775	1252	−1	+6	211	142
2015	10	09	GM	NA	1	1	WQ		-6	1343	1356	−1	0	124	122
2015	10	09	ML	BF	4	1	F	FR	12	1556	1429	+3	−2	69	103
2015	10	09	MA	CI	0	1	F		-8	1551	1728	−4	+2	71	34
2015	10	09	NE	SO	2	0	WQ	ET	5	1282	863	+3	0	135	206
2015	10	09	TN	GA	3	3	F		-4	1537	1510	0	+1	73	82
2015	10	10	TD	SL	1	0	WQ		19	1270	1321	+2	−1	141	128
2015	10	10	ER	BW	0	2	WQ		-24	1086	1306	−3	+4	180	131
2015	10	10	XK	GQ	2	0	F		10	1387	1347	+4	−2	111	123
2015	10	10	MG	CF	3	0	WQ		28	1274	1243	+5	−7	140	147
2015	10	11	EG	ZM	3	0	F	AE	12	1653	1513	+1	−2	49	80
2015	10	11	ET	ST	3	0	WQ		10	1320	1090	0	−1	129	179
2015	10	11	KE	MU	0	0	WQ		-17	1376	1086	−6	+2	115	180
2015	10	11	MW	TZ	1	0	WQ		11	1360	1276	+3	−4	119	139
2015	10	11	NG	CM	3	0	F	BE	18	1644	1614	+3	−7	50	58
2015	10	12	CD	GA	2	1	F	BE	11	1491	1499	+7	−5	87	86
2015	10	12	MA	GN	1	1	F		-4	1547	1524	0	0	71	78
2015	10	13	DZ	SN	1	0	F		7	1674	1659	+2	−1	43	48
2015	10	13	BW	ER	3	1	WQ		8	1314	1078	0	0	131	180
2015	10	13	BI	SC	2	0	WQ		3	1344	954	+2	−1	124	192
2015	10	13	CA	GH	1	1	F	US	4	1511	1663	+1	−1	81	46
2015	10	13	CG	BJ	2	1	F		5	1465	1381	+2	−3	94	114
2015	10	13	GW	LR	1	3	WQ		-33	1207	1338	−12	+6	159	126
2015	10	13	HN	ZA	1	1	F		-3	1530	1539	−2	+1	77	73
2015	10	13	LS	KM	1	1	WQ		-16	1172	916	−5	+2	167	200
2015	10	13	MG	CF	2	2	WQ		-7	1267	1250	+1	+1	139	145
2015	10	13	MR	SS	4	0	WQ		14	1262	1077	+3	−3	141	181
2015	10	13	NA	GM	2	1	WQ		14	1370	1329	+4	−4	118	128
2015	10	13	NE	SO	4	0	WQ		4	1286	859	0	0	135	206
2015	10	13	SL	TD	2	1	WQ	NG	17	1338	1253	+2	−2	126	143
2015	10	17	SZ	DJ	2	1	WQ		1	1253	774	+1	0	143	211
2015	11	06	AO	NA	1	0	FT		8	1458	1362	+3	0	96	118
2015	11	06	CD	ZM	3	0	FT	AO	28	1519	1485	+8	−9	79	89
2015	11	07	AO	CD	1	0	FT		13	1471	1506	+2	−4	94	83
2015	11	07	NA	ZM	0	0	FT	AO	5	1367	1480	0	−2	118	91
2015	11	11	MZ	GA	1	0	WQ		25	1328	1474	+6	−7	128	93
2015	11	11	SD	ZM	0	1	WQ		-18	1325	1498	−5	+5	130	86
2015	11	12	BJ	BF	2	1	WQ		17	1398	1412	+4	−6	110	108
2015	11	12	BI	CD	2	3	WQ		-16	1328	1522	−4	+6	128	77
2015	11	12	MA	GQ	2	0	WQ		9	1556	1338	+3	−1	69	124
2015	11	12	NA	GN	0	1	WQ		-17	1350	1541	−4	+4	122	73
2015	11	12	TG	UG	0	1	WQ		-23	1421	1514	−6	+6	106	81
2015	11	13	AO	ZA	1	3	WQ		-33	1438	1572	−5	+9	99	65
2015	11	13	KM	GH	0	0	WQ		19	935	1644	+2	−2	198	48
2015	11	13	KE	CV	1	0	WQ		25	1401	1531	+7	−6	110	75
2015	11	13	LR	CI	0	1	WQ		-6	1332	1734	−2	0	126	35
2015	11	13	LY	RW	1	0	WQ	TN	16	1477	1377	+5	−6	91	117
2015	11	13	MG	SN	2	2	WQ		14	1281	1645	+4	0	135	47
2015	11	13	MR	TN	1	2	WQ		-11	1251	1548	−3	+2	143	73
2015	11	13	NE	CM	0	3	WQ		-15	1271	1629	−3	+5	138	53
2015	11	13	SZ	NG	0	0	WQ		14	1267	1630	+1	−3	140	52
2015	11	14	BW	ML	2	1	WQ		28	1342	1528	+9	−6	124	75
2015	11	14	TD	EG	1	0	WQ		34	1287	1619	+6	−8	136	54
2015	11	14	ET	CG	3	4	WQ		-17	1303	1482	−2	+5	134	90
2015	11	14	GA	MZ	1	0	WQ		8	1482	1320	+4	−4	90	132
2015	11	14	TZ	DZ	2	2	WQ		14	1290	1660	+2	−1	135	45
2015	11	15	CD	BI	2	2	WQ		-14	1508	1342	−5	+5	82	124
2015	11	15	GQ	MA	1	0	WQ		27	1365	1529	+7	−6	118	75
2015	11	15	GN	NA	2	0	WQ	MA	15	1556	1335	+4	−5	69	127
2015	11	15	UG	TG	3	0	WQ		17	1531	1404	+9	−3	73	109
2015	11	15	ZM	SD	2	0	WQ		10	1508	1315	+5	−1	82	132
2015	11	17	DZ	TZ	7	0	WQ		6	1666	1284	0	−1	45	136
2015	11	17	BF	BJ	2	0	WQ		20	1432	1378	+7	−5	100	116
2015	11	17	CM	NE	0	0	WQ		-17	1612	1288	−5	+4	56	135
2015	11	17	CV	KE	2	0	WQ		13	1544	1388	+1	−3	72	113
2015	11	17	CG	ET	2	1	WQ		7	1489	1296	+2	0	88	134
2015	11	17	EG	TD	4	0	WQ		6	1625	1281	+2	−1	52	137
2015	11	17	GH	KM	2	0	WQ		1	1645	934	−1	0	48	198
2015	11	17	CI	LR	3	0	WQ		4	1738	1328	0	−1	33	129
2015	11	17	ML	BW	2	0	WQ		10	1538	1332	+3	−3	73	127
2015	11	17	NG	SZ	2	0	WQ		4	1634	1263	+1	−1	49	142
2015	11	17	RW	LY	1	3	WQ		-30	1347	1507	−5	+10	122	84
2015	11	17	SN	MG	3	0	WQ		5	1650	1276	0	−2	46	139
2015	11	17	ZA	AO	1	0	WQ		8	1580	1430	+1	−2	64	101
2015	11	17	TN	MR	2	1	WQ		4	1552	1247	+2	−2	70	145
2015	11	21	BI	ZZ	1	0	ECA	ET	16	1358	1261	+3	−4	121	142
2015	11	21	ET	RW	0	1	ECA		-23	1273	1370	−4	+5	138	117
2015	11	22	KE	UG	2	0	ECA	ET	42	1430	1489	+12	−12	101	87
2015	11	22	TZ	SO	4	0	ECA	ET	6	1290	853	+1	−1	134	207
2015	11	23	MW	SD	2	1	ECA	ET	17	1377	1298	+3	−1	117	133
2015	11	23	SS	DJ	2	0	ECA	ET	9	1086	765	+3	−1	179	212
2015	11	24	TZ	RW	2	1	ECA	ET	25	1315	1345	+2	−5	132	123
2015	11	24	UG	ZZ	4	0	ECA	ET	16	1505	1245	+2	−3	85	145
2015	11	25	BI	KE	1	1	ECA	ET	4	1362	1426	+1	−3	119	104
2015	11	25	ET	SO	2	0	ECA		3	1276	850	+1	0	137	207
2015	11	25	MW	DJ	3	0	ECA	ET	2	1379	763	+2	−1	115	213
2015	11	25	SS	SD	0	0	ECA	ET	11	1097	1287	+1	−1	178	135
2015	11	27	RW	SO	3	0	ECA	ET	4	1349	846	+1	0	122	207
2015	11	27	SS	MW	2	0	ECA	ET	50	1147	1329	+6	−12	172	127
2015	11	27	SD	DJ	4	0	ECA	ET	4	1291	759	+1	0	134	213
2015	11	27	ZZ	KE	3	1	ECA	ET	44	1289	1382	+10	−9	135	113
2015	11	28	ET	TZ	1	1	ECA		-3	1273	1318	−1	0	139	132
2015	11	28	UG	BI	1	0	ECA	ET	12	1517	1350	+5	−3	80	121
2015	11	30	ET	TZ	1	1	ECA		-3	1270	1321	−1	+2	140	130
2015	11	30	UG	MW	2	0	ECA	ET	15	1532	1314	+6	−5	74	132
2015	12	01	KE	RW	0	0	ECA	ET	-2	1380	1351	−1	+1	114	121
2015	12	01	SS	SD	0	0	ECA	ET	8	1155	1283	0	−2	172	136
2015	12	03	ET	UG	0	0	ECA		9	1279	1523	+2	−3	138	77
2015	12	03	RW	SD	1	1	ECA	ET	-4	1347	1287	−1	0	122	136
2015	12	05	ET	SD	1	1	ECA		-5	1274	1292	−1	+2	139	134
2015	12	05	UG	RW	1	0	ECA	ET	11	1534	1336	+3	−2	74	124
2016	01	27	EG	JO	0	1	F		-15	1610	1537	−4	+5	56	74
2016	01	29	EG	LY	2	0	F		7	1617	1500	+2	−3	54	88
2016	03	22	SL	MW	1	1	F		-3	1335	1317	−2	0	124	132
2016	03	23	TD	TZ	0	1	FQ		-23	1258	1344	−6	+8	143	121
2016	03	23	GW	KE	1	0	FQ		24	1231	1356	+7	−4	153	118
2016	03	23	ST	LY	2	1	FQ		34	1124	1466	+4	−8	176	95
2016	03	23	SS	BJ	1	2	FQ		-13	1142	1391	−3	+5	174	110
2016	03	23	ZM	CG	1	1	FQ		-7	1501	1496	−3	+1	85	88
2016	03	24	KM	BW	1	0	FQ		34	968	1298	+9	−5	189	132
2016	03	24	DJ	LR	0	1	FQ		-3	756	1331	0	+2	212	127
2016	03	24	GH	MZ	3	1	FQ		5	1650	1315	+1	0	47	130
2016	03	24	MG	CF	1	1	FQ		-7	1269	1257	−2	+1	139	144
2016	03	25	DZ	ET	7	1	FQ		5	1671	1269	+2	−1	42	138
2016	03	25	GA	SL	2	1	F		4	1486	1331	0	−2	90	127
2016	03	25	GN	MW	0	0	FQ		-15	1541	1332	−4	+3	73	126
2016	03	25	CI	SD	1	0	FQ		2	1740	1290	+2	0	32	133
2016	03	25	ML	GQ	1	0	FQ		7	1545	1358	+2	−1	71	116
2016	03	25	MR	GM	2	1	FQ		19	1266	1310	+7	−2	140	130
2016	03	25	NG	EG	1	1	FQ		-6	1628	1623	0	+2	50	53
2016	03	25	SZ	ZW	1	1	FQ		0	1263	1362	−1	+1	142	115
2016	03	25	TN	TG	1	0	FQ		8	1560	1396	+2	0	68	109
2016	03	26	BF	UG	1	0	FQ		20	1452	1514	+2	−7	99	82
2016	03	26	BI	NA	1	3	FQ		-40	1310	1375	−8	+10	128	115
2016	03	26	CM	ZA	2	2	FQ		-7	1605	1587	−1	+2	58	62
2016	03	26	CV	MA	0	1	FQ		-26	1518	1555	−9	+7	81	70
2016	03	26	CD	AO	2	1	FQ		11	1519	1419	+4	−4	80	106
2016	03	26	MU	RW	1	0	FQ		28	1114	1308	+2	−6	180	130
2016	03	26	SN	NE	2	0	FQ		4	1654	1284	0	+1	47	135
2016	03	26	SC	LS	2	0	FQ		40	994	1132	+5	−5	188	174
2016	03	27	BJ	SS	4	1	FQ		8	1399	1134	+1	0	110	173
2016	03	27	BW	KM	2	1	FQ		3	1301	965	0	0	132	191
2016	03	27	CG	ZM	1	1	FQ		-5	1491	1506	−1	+1	89	86
2016	03	27	KE	GW	0	1	FQ		-31	1325	1262	−9	+10	127	143
2016	03	27	MZ	GH	0	0	FQ		12	1327	1638	+1	−1	126	49
2016	03	28	CF	MG	2	1	FQ		15	1272	1254	+11	−8	136	146
2016	03	28	GQ	ML	0	1	FQ		-15	1343	1560	−3	+4	120	68
2016	03	28	LY	ST	4	0	FQ	DZ	9	1475	1115	+1	−3	94	179
2016	03	28	SL	GA	1	0	F		12	1343	1474	+4	−5	120	95
2016	03	28	ZW	SZ	4	0	FQ		18	1380	1245	+1	−7	115	149
2016	03	29	AO	CD	0	2	FQ		-30	1389	1549	−6	+7	112	73
2016	03	29	EG	NG	1	0	FQ		15	1638	1613	+5	−4	48	54
2016	03	29	ET	DZ	3	3	FQ		14	1283	1657	+3	−5	136	47
2016	03	29	GM	MR	0	0	FQ		-8	1302	1274	−3	+1	131	139
2016	03	29	LS	SC	2	1	FQ		8	1140	986	+1	−1	173	189
2016	03	29	LR	DJ	5	0	FQ		2	1333	754	+2	−1	123	213
2016	03	29	MW	GN	1	2	FQ		-14	1318	1555	−4	+1	128	72
2016	03	29	MA	CV	2	0	FQ		19	1574	1499	+5	−5	66	86
2016	03	29	NA	BI	1	3	FQ		-43	1332	1353	−8	+11	124	117
2016	03	29	NE	SN	1	2	FQ		-7	1277	1661	−3	+2	138	45
2016	03	29	RW	MU	5	0	FQ		12	1320	1102	+3	−1	127	181
2016	03	29	ZA	CM	0	0	FQ		-5	1582	1610	0	+1	62	58
2016	03	29	SD	CI	1	1	FQ		15	1305	1725	+3	−5	130	37
2016	03	29	TG	TN	0	0	FQ		4	1400	1556	+2	−3	109	71
2016	03	29	UG	BF	0	0	FQ		-9	1505	1461	−1	+2	83	97
2016	05	20	HU	CI	0	0	F		-2	1698	1727	0	+1	41	36
2016	05	21	BW	LS	2	1	F		4	1305	1136	+3	0	130	173
2016	05	25	CD	RO	1	1	F	IT	6	1555	1764	+1	0	72	27
2016	05	27	LS	SZ	0	2	F		-15	1121	1260	−2	+3	175	146
2016	05	27	MA	CG	2	0	F		8	1582	1483	+4	−1	62	90
2016	05	27	NG	ML	1	0	F	FR	8	1621	1552	+3	−4	52	73
2016	05	27	TG	ZM	1	0	F		10	1410	1496	+1	−5	107	87
2016	05	28	MR	GA	2	0	F	ES	23	1297	1451	+5	−5	134	98
2016	05	28	RW	SN	0	2	F		-6	1314	1667	−1	+1	128	44
2016	05	29	KE	TZ	1	1	F		-2	1323	1346	0	+1	126	118
2016	05	30	FR	CM	3	2	F		1	1971	1609	0	0	6	58
2016	05	30	GM	ZM	0	0	F		3	1305	1493	+2	0	130	87
2016	05	31	KE	SD	1	1	F		-3	1320	1308	0	0	126	130
2016	05	31	LU	NG	1	3	F		-5	1240	1626	−1	+1	151	52
2016	05	31	ZW	UG	2	0	F		16	1396	1489	+4	−5	110	87
2016	06	02	SC	DZ	0	2	FQ		-2	984	1659	0	0	189	47
2016	06	03	DJ	TN	0	3	FQ		-1	753	1557	0	0	213	70
2016	06	03	LY	MA	1	1	FQ	TN	6	1481	1576	+2	−3	90	66
2016	06	03	MR	CM	0	1	FQ		-9	1288	1618	−1	+5	134	53
2016	06	04	BW	UG	1	2	FQ		-15	1290	1504	+1	+6	130	82
2016	06	04	BI	SN	0	2	FQ		-14	1339	1681	−5	+1	121	42
2016	06	04	GM	ZA	0	4	FQ		-20	1285	1602	−4	+4	135	60
2016	06	04	GW	ZM	3	2	FQ		27	1289	1466	+13	−9	131	95
2016	06	04	CI	GA	2	1	F		2	1729	1449	0	0	36	99
2016	06	04	NA	NE	1	0	FQ		12	1344	1265	+5	−3	119	142
2016	06	04	RW	MZ	2	3	FQ		-25	1289	1352	−3	+8	131	117
2016	06	04	ST	CV	1	2	FQ		-7	1108	1506	−2	+2	179	81
2016	06	04	SL	SD	1	0	FQ		13	1356	1295	+3	+1	116	129
2016	06	04	SS	ML	0	3	FQ		-10	1124	1562	0	+5	175	69
2016	06	04	TZ	EG	0	2	FQ		-15	1331	1653	−7	0	125	48
2016	06	05	CF	AO	3	1	FQ		31	1303	1358	+13	−3	128	115
2016	06	05	KM	BF	0	1	FQ		-4	961	1465	−1	+1	191	95
2016	06	05	KE	CG	2	1	FQ		24	1344	1459	+7	−8	119	96
2016	06	05	LS	ET	1	2	FQ		-16	1105	1299	−3	+7	179	130
2016	06	05	LR	TG	2	2	FQ		-1	1332	1411	0	−2	124	108
2016	06	05	MG	CD	1	6	FQ		-19	1235	1574	−2	+6	149	66
2016	06	05	MU	GH	0	2	FQ		-5	1097	1643	0	0	181	49
2016	06	05	SZ	GN	1	0	FQ		30	1290	1525	+13	−4	132	76
2016	06	05	ZW	MW	3	0	FQ		18	1414	1300	+4	−2	107	129
2016	06	08	NA	MW	0	0	F		-4	1340	1304	−2	+2	121	128
2016	06	11	MG	SC	1	0	CSF	NA	8	1243	976	+1	0	149	189
2016	06	11	SZ	ZW	2	2	CSF	NA	7	1297	1407	+1	−1	132	109
2016	06	12	BJ	GQ	2	1	FQ		12	1411	1331	+3	−4	108	124
2016	06	12	LS	MU	3	0	CSF	NA	34	1139	1063	+8	−3	172	185
2016	06	13	MG	ZW	0	0	CSF	NA	9	1252	1398	+1	−1	148	111
2016	06	13	SZ	SC	4	0	CSF	NA	10	1307	966	+4	0	128	189
2016	06	14	MW	MU	1	0	CSF	NA	8	1312	1055	+2	−1	127	186
2016	06	15	SZ	MG	1	0	CSF	NA	17	1324	1235	+3	−2	126	150
2016	06	15	ZW	SC	5	0	CSF	NA	6	1404	960	+1	−2	110	191
2016	06	16	LS	MW	1	0	CSF	NA	29	1168	1283	+4	−11	168	139
2016	06	18	LS	ZA	1	1	CSF	NA	17	1185	1585	+1	−2	167	59
2016	06	18	NA	BW	1	1	CSF		-8	1332	1298	−2	+1	122	132
2016	06	19	CD	MZ	1	0	CSF	NA	9	1583	1343	+3	−2	61	119
2016	06	19	SZ	ZM	0	0	CSF	NA	8	1332	1458	+4	−3	122	97
2016	06	21	NA	MZ	3	0	CSF		26	1358	1317	+7	−8	115	127
2016	06	21	ZM	LS	3	2	CSF	NA	7	1465	1178	+3	−1	94	168
2016	06	22	BW	CD	0	0	CSF	NA	14	1312	1569	+5	−6	127	67
2016	06	22	ZA	SZ	5	1	CSF	NA	14	1599	1318	+1	−3	58	125
2016	06	24	NA	ZM	1	0	CSF		20	1378	1445	+1	−5	114	99
2016	06	25	ZA	BW	3	2	CSF	NA	6	1605	1306	0	−1	58	128
2016	06	25	SZ	CD	1	0	CSF	NA	32	1350	1537	+6	−6	119	73
2016	08	24	UZ	BF	1	0	F		3	1654	1462	+1	0	48	94
2016	08	30	UG	KE	0	0	F		-6	1498	1350	0	+1	84	119
2016	08	30	EG	GN	1	1	F		-6	1647	1531	0	+2	49	76
2016	08	31	AL	MA	0	0	F		-4	1630	1580	+1	0	52	61
2016	09	02	SD	GA	1	2	F		-8	1287	1457	−4	+1	137	97
2016	09	02	ZA	MR	1	1	FQ		-17	1588	1305	−2	+8	61	129
2016	09	03	SN	NA	2	0	FQ		5	1686	1373	0	−1	44	115
2016	09	03	NG	TZ	1	0	FQ		4	1630	1327	+2	−1	52	125
2016	09	03	MZ	MU	1	0	FQ		4	1321	1051	0	0	126	186
2016	09	03	CI	SL	1	1	FQ		-18	1711	1374	−7	+3	41	114
2016	09	03	GH	RW	1	1	FQ		-17	1626	1306	−4	+6	54	128
2016	09	03	ET	SC	2	1	FQ		3	1302	957	0	−1	133	192
2016	09	03	CV	LY	0	1	FQ		-27	1479	1508	−5	+7	88	81
2016	09	03	CM	GM	2	0	FQ		5	1623	1280	+1	−1	55	139
2016	09	03	AO	MG	1	1	FQ		-11	1347	1246	−4	+3	120	148
2016	09	04	ZM	KE	1	1	FQ		-10	1435	1360	−1	+1	100	117
2016	09	04	UG	KM	1	0	FQ		1	1499	960	0	−1	85	190
2016	09	04	TN	LR	4	1	FQ		9	1566	1323	+2	−1	68	124
2016	09	04	TG	DJ	5	0	FQ		1	1412	752	−1	0	108	214
2016	09	04	NE	BI	3	1	FQ		28	1293	1311	+7	−5	136	126
2016	09	04	MA	ST	2	0	FQ		2	1582	1106	0	0	63	180
2016	09	04	ML	BJ	5	2	FQ		13	1575	1398	+2	−3	64	110
2016	09	04	MW	SZ	1	0	FQ		18	1301	1332	+6	−4	132	122
2016	09	04	GN	ZW	1	0	FQ		9	1540	1395	+1	−2	76	111
2016	09	04	GQ	SS	4	0	FQ		11	1342	1113	+4	−1	120	177
2016	09	04	CD	CF	4	1	FQ		9	1546	1294	+4	−3	72	135
2016	09	04	CG	GW	1	0	FQ		7	1466	1282	+2	−4	94	139
2016	09	04	BF	BW	2	1	FQ		7	1469	1299	+1	−6	92	134
2016	09	04	DZ	LS	6	0	FQ		3	1662	1175	+1	0	47	168
2016	09	06	ZA	EG	1	0	F		9	1597	1638	+1	0	60	50
2016	09	06	RU	GH	1	0	F		5	1705	1621	0	−2	43	56
2016	09	06	CM	GA	2	1	F		4	1627	1453	0	−1	55	98
2016	09	30	BW	AO	1	1	F		-1	1298	1348	0	0	134	119
2016	10	04	TG	UG	1	0	F		10	1422	1489	+2	−1	104	86
2016	10	04	CD	KE	0	1	F		-17	1529	1377	−3	+3	76	114
2016	10	06	CA	MR	4	0	F	MA	8	1531	1297	+1	−4	77	134
2016	10	07	GH	UG	0	0	WQ		-12	1609	1501	−2	+1	58	85
2016	10	08	SN	CV	2	0	WQ		9	1695	1470	+1	−4	43	91
2016	10	08	CI	ML	3	1	WQ		12	1723	1563	+3	−3	37	68
2016	10	08	GA	MA	0	0	WQ		2	1455	1580	0	−1	96	64
2016	10	08	CD	LY	4	0	WQ		25	1554	1483	+6	−2	72	85
2016	10	08	BF	ZA	1	1	WQ		2	1471	1595	+1	+1	89	59
2016	10	09	TG	MZ	2	0	F		7	1429	1314	+2	0	101	126
2016	10	09	ZM	NG	1	2	WQ		-15	1420	1645	−2	+2	103	52
2016	10	09	TN	GN	2	0	WQ		20	1586	1520	+6	−3	61	78
2016	10	09	CG	EG	1	2	WQ		-16	1450	1654	−5	+3	98	49
2016	10	09	DZ	CM	1	1	WQ		-7	1655	1634	−1	+3	48	53
2016	10	10	MA	JO	2	1	F		6	1586	1513	+4	0	61	79
2016	10	11	ZA	GH	1	1	F		-2	1593	1611	−3	−1	61	58
2016	10	11	MA	CA	4	0	F		11	1597	1520	+2	0	59	77
2016	10	11	LB	GQ	1	1	F		-4	1370	1346	−1	0	116	119
2016	11	05	ZW	ZM	1	0	F		8	1403	1412	+4	−2	107	105
2016	11	08	UG	ZM	0	1	F		-15	1486	1427	−2	+3	87	102
2016	11	11	KM	TG	2	2	F	TN	9	969	1420	0	−2	189	103
2016	11	11	TN	LY	1	0	WQ	DZ	14	1600	1469	+4	−4	59	91
2016	11	12	KE	MZ	1	0	F		6	1383	1308	+1	−1	112	128
2016	11	12	UG	CG	1	0	WQ		13	1499	1437	+1	0	86	97
2016	11	12	ZA	SN	2	1	WQ		20	1613	1675	+7	−4	56	46
2016	11	12	NG	DZ	3	1	WQ		22	1667	1633	+5	−4	48	53
2016	11	12	MA	CI	0	0	WQ		1	1598	1722	−1	−2	61	36
2016	11	12	ML	GA	0	0	WQ		-11	1552	1466	−3	+3	71	91
2016	11	12	CV	BF	0	2	WQ		-38	1432	1509	−10	+7	100	82
2016	11	12	CM	ZM	1	1	WQ		-14	1620	1441	−1	+4	55	96
2016	11	13	ZW	TZ	3	0	F		9	1412	1318	+1	−1	105	125
2016	11	13	GN	CD	1	2	WQ		-24	1496	1578	−9	+4	86	66
2016	11	13	EG	GH	2	0	WQ		18	1672	1593	+3	−5	47	62
2016	11	15	TN	MR	0	0	F		-8	1592	1305	−3	+3	61	131
2016	11	15	MZ	ZA	1	1	F		5	1313	1608	+1	−1	127	57
2016	11	15	KE	LR	1	0	F		6	1389	1317	0	−2	112	126
2016	11	15	KM	GA	1	1	F	TN	9	978	1457	0	−2	189	94
2016	11	15	MA	TG	2	1	F		3	1601	1417	+1	0	58	103
2016	11	15	FR	CI	0	0	F		-8	2009	1730	0	+3	4	33
2016	12	26	CI	ZW	0	0	F		-8	1722	1420	−1	+2	34	104
2017	01	04	TN	UG	2	0	F		7	1599	1492	+2	−2	59	85
2017	01	05	CM	CD	2	0	F		9	1629	1569	+1	−1	55	68
2017	01	07	BF	ML	2	1	F	MA	11	1520	1541	+3	−2	77	73
2017	01	07	DZ	MR	3	1	F		2	1635	1303	0	0	53	131
2017	01	08	SN	LY	2	1	F	CG	5	1680	1464	0	−1	45	91
2017	01	08	CI	SE	2	1	F	AE	11	1733	1758	+1	−3	33	28
2017	01	08	EG	TN	1	0	F		5	1677	1594	0	−1	46	60
2017	01	09	FI	MA	1	0	F	AE	12	1552	1589	+3	−3	71	61
2017	01	10	CM	ZW	1	1	F		-7	1622	1427	−1	+3	56	101
2017	01	10	DZ	MR	6	0	F		3	1638	1300	0	−2	53	133
2017	01	11	CI	UG	3	0	F	AE	7	1740	1485	+1	0	32	86
2017	01	11	CG	SN	0	2	F		-9	1428	1689	−2	+4	99	41
2017	01	14	GA	GW	1	1	AR		-16	1441	1298	−1	+7	94	134
2017	01	14	BF	CM	1	1	AR	GA	7	1527	1615	+1	0	75	56
2017	01	15	SN	TN	2	0	AR	GA	27	1716	1567	+5	−10	36	69
2017	01	15	DZ	ZW	2	2	AR	GA	-14	1624	1441	−2	+7	55	94
2017	01	16	CI	TG	0	0	AR	GA	-18	1722	1435	−2	+7	34	98
2017	01	16	CD	MA	1	0	AR	GA	26	1595	1563	+9	−10	59	70
2017	01	17	GH	UG	1	0	AR	GA	17	1610	1468	+2	−3	58	89
2017	01	17	EG	ML	0	0	AR	GA	-9	1668	1550	−1	+2	46	72
2017	01	18	GA	BF	1	1	AR		-1	1440	1528	−2	0	96	75
2017	01	18	CM	GW	2	1	AR	GA	7	1622	1291	0	−4	56	138
2017	01	19	TN	DZ	2	1	AR	GA	29	1596	1595	+9	−6	59	61
2017	01	19	SN	ZW	2	0	AR	GA	13	1729	1428	+3	−6	33	100
2017	01	20	MA	TG	3	1	AR	GA	24	1587	1411	+5	−10	64	107
2017	01	20	CD	CI	2	2	AR	GA	9	1604	1713	+2	−1	59	36
2017	01	21	GH	ML	1	0	AR	GA	21	1631	1529	+3	−2	54	74
2017	01	21	EG	UG	1	0	AR	GA	12	1680	1456	+1	−3	45	92
2017	01	22	GA	CM	0	0	AR		6	1446	1616	+1	−1	94	57
2017	01	22	BF	GW	2	0	AR	GA	15	1543	1276	+1	−5	74	144
2017	01	23	TN	ZW	4	2	AR	GA	21	1617	1407	+3	−7	57	107
2017	01	23	DZ	SN	2	2	AR	GA	9	1604	1720	+2	−1	60	34
2017	01	24	MA	CI	1	0	AR	GA	34	1621	1679	+6	−9	58	45
2017	01	24	CD	TG	3	1	AR	GA	19	1623	1392	+3	−6	57	112
2017	01	25	ML	UG	1	1	AR	GA	-5	1524	1461	0	0	75	92
2017	01	25	EG	GH	1	0	AR	GA	21	1701	1610	+6	−6	38	60
2017	01	28	CM	SN	0	0	AR	GA	7	1623	1713	+3	−1	56	35
2017	01	28	BF	TN	2	0	AR	GA	45	1588	1572	+11	−12	63	70
2017	01	29	GH	CD	2	1	AR	GA	26	1636	1597	+6	−5	53	61
2017	01	29	EG	MA	1	0	AR	GA	19	1720	1602	+4	−2	34	60
2017	02	01	BF	EG	1	1	AR	GA	9	1597	1711	+2	−2	61	36
2017	02	02	CM	GH	2	0	AR	GA	39	1662	1597	+8	−7	49	60
2017	02	04	BF	GH	1	0	AR	GA	25	1622	1572	+3	−9	57	69
2017	02	05	CM	EG	2	1	AR	GA	29	1691	1682	+10	−8	39	44
2017	03	11	BI	DJ	7	0	F		1	1312	751	0	0	128	213
2017	03	13	BI	DJ	1	0	F		0	1312	751	0	0	128	213
2017	03	22	ST	MG	0	1	FQ		-18	1088	1264	−4	+2	181	146
2017	03	22	DJ	SS	2	0	FQ		49	800	1064	+3	−9	210	184
2017	03	23	NG	SN	1	1	F	EN	1	1668	1712	0	−1	48	36
2017	03	23	KE	UG	1	1	F		-1	1388	1462	0	0	113	91
2017	03	24	TN	CM	0	1	F		-9	1563	1700	−2	+1	70	38
2017	03	24	RU	CI	0	2	F		-20	1671	1699	−7	+7	46	39
2017	03	24	MA	BF	2	0	F		12	1614	1610	+4	−2	57	58
2017	03	24	MR	BJ	1	0	F		10	1310	1388	+4	−4	129	112
2017	03	24	LY	TG	0	0	F	EG	-2	1462	1394	+1	+2	89	109
2017	03	24	GA	GN	2	2	F	FR	1	1447	1495	−1	0	95	86
2017	03	24	KM	MU	2	0	FQ		28	1006	1023	+2	0	187	185
2017	03	25	TZ	BW	2	0	F		10	1328	1288	+1	−3	124	137
2017	03	25	ZA	GW	3	1	F		2	1610	1274	0	−1	59	143
2017	03	25	MZ	AO	2	0	F		12	1325	1336	+2	−3	125	122
2017	03	26	ZW	ZM	0	0	F		-2	1405	1443	0	+1	107	96
2017	03	26	KE	CD	2	1	F		13	1401	1584	+4	−1	108	63
2017	03	26	MG	ST	3	2	FQ		7	1271	1081	+1	0	145	181
2017	03	27	MR	CG	2	1	F		11	1321	1417	+2	−4	127	104
2017	03	27	CI	SN	1	1	F	FR	0	1699	1712	0	0	39	36
2017	03	27	GM	CF	2	1	F	MA	10	1290	1284	+5	−6	135	140
2017	03	28	TZ	BI	2	1	F		7	1335	1305	+1	−3	123	132
2017	03	28	ZA	AO	0	0	F		-8	1602	1344	−2	0	61	122
2017	03	28	MZ	LS	1	0	F		4	1329	1171	0	0	125	167
2017	03	28	MA	TN	1	0	F		6	1620	1557	0	−1	58	70
2017	03	28	LU	CV	0	2	F		-11	1232	1443	+1	+1	150	98
2017	03	28	GN	CM	2	1	F	BE	15	1510	1685	+2	−2	83	40
2017	03	28	EG	TG	3	0	F		3	1685	1391	+3	0	40	109
2017	03	28	SS	DJ	6	0	FQ		9	1073	791	+1	−2	183	212
2017	03	28	MU	KM	1	1	FQ		-6	1017	1012	−1	0	186	187
2017	05	26	SZ	LS	1	0	F		4	1336	1167	+1	0	123	167
2017	05	28	SZ	LS	0	1	F		-16	1320	1183	−5	+1	128	166
2017	05	31	MA	NL	1	2	F		-7	1613	1840	0	0	58	18
2017	06	01	NG	TG	3	0	F	FR	6	1674	1385	+2	−3	48	112
2017	06	02	CL	BF	3	0	F		2	1982	1608	0	0	6	59
2017	06	03	ET	UG	0	0	F		2	1304	1460	0	−1	133	92
2017	06	04	TG	KM	2	0	F	FR	3	1388	1009	+2	0	110	187
2017	06	04	NL	CI	5	0	F		8	1848	1691	+1	0	17	39
2017	06	04	LS	MR	1	0	F	ZA	14	1197	1307	+1	−4	165	130
2017	06	04	GA	ZM	0	0	F		-3	1444	1446	−2	+2	98	96
2017	06	05	SN	UG	0	0	F		-8	1704	1468	−1	+3	37	89
2017	06	05	LR	SL	1	0	F		9	1326	1365	+2	−1	125	117
2017	06	05	EG	LY	1	0	F		3	1688	1459	−1	−1	41	92
2017	06	05	CD	BW	2	0	F	MA	5	1589	1283	0	−3	63	141
2017	06	06	DZ	GN	2	1	F		5	1609	1505	+1	0	59	82
2017	06	07	GH	GM	2	1	F		2	1574	1288	0	−1	65	137
2017	06	09	SD	MG	1	3	FQ		-40	1247	1311	−10	+14	148	129
2017	06	09	LY	SC	5	1	FQ	EG	4	1463	953	0	0	92	192
2017	06	10	ZM	MZ	0	1	FQ		-31	1415	1360	−7	+6	103	118
2017	06	10	TZ	LS	1	1	FQ		-12	1323	1209	−5	+2	128	163
2017	06	10	SL	KE	2	1	FQ		16	1381	1385	+4	−4	114	110
2017	06	10	SN	GQ	3	0	FQ		5	1709	1341	0	−1	37	122
2017	06	10	NG	ZA	0	2	FQ		-44	1630	1646	−5	+9	54	52
2017	06	10	NE	SZ	0	0	FQ		-4	1289	1324	−1	+1	137	126
2017	06	10	ML	GA	2	1	FQ		10	1534	1434	+2	0	76	98
2017	06	10	MW	KM	1	0	FQ		4	1305	1005	+1	0	134	188
2017	06	10	CI	GN	2	3	FQ		-34	1657	1539	−9	+7	49	75
2017	06	10	GW	NA	1	0	FQ		20	1294	1353	+6	−3	136	120
2017	06	10	CD	CG	3	1	FQ		10	1599	1407	0	0	62	104
2017	06	10	CM	MA	1	0	FQ		11	1696	1602	+3	−3	40	61
2017	06	10	BI	SS	3	0	FQ		9	1314	1064	+3	0	130	183
2017	06	10	BF	AO	3	1	FQ		7	1615	1337	+4	−1	56	123
2017	06	10	BW	MR	0	1	FQ		-24	1259	1331	−6	+7	146	124
2017	06	11	ZW	LR	3	0	FQ		18	1423	1308	+5	−6	100	131
2017	06	11	TN	EG	1	0	FQ		22	1579	1666	+4	−7	66	48
2017	06	11	GH	ET	5	0	FQ		8	1582	1296	0	0	65	135
2017	06	11	CF	RW	2	1	FQ		16	1300	1290	+6	−4	134	137
2017	06	11	CV	UG	0	1	FQ		-24	1419	1492	−5	+4	102	85
2017	06	11	BJ	GM	1	0	FQ		10	1398	1278	+2	−2	106	141
2017	06	11	DZ	TG	1	0	FQ		5	1614	1383	+3	−3	57	111
2017	06	13	ZA	ZM	1	2	F		-17	1629	1432	−3	+6	54	98
2017	06	13	CO	CM	4	0	F	ES	7	1971	1689	+2	−1	6	41
2017	06	18	CL	CM	2	0	CC	RU	13	1975	1676	+3	−6	5	47
2017	06	22	AU	CM	1	1	CC	RU	-2	1706	1678	0	0	37	47
2017	06	25	TZ	MW	2	0	CSF	ZA	28	1351	1277	+5	−9	122	142
2017	06	25	AO	MU	1	0	CSF	ZA	5	1342	1012	0	0	123	187
2017	06	25	DE	CM	3	1	CC	RU	8	2051	1670	0	0	2	47
2017	06	26	ZW	MZ	4	0	CSF	ZA	31	1454	1329	+8	−7	92	126
2017	06	26	MG	SC	2	0	CSF	ZA	7	1318	946	+2	−4	128	196
2017	06	27	MW	MU	0	0	CSF	ZA	-13	1264	1025	−2	+1	144	186
2017	06	27	AO	TZ	0	0	CSF	ZA	1	1343	1350	0	0	122	121
2017	06	28	MZ	SC	2	1	CSF	ZA	4	1333	942	+2	−1	124	197
2017	06	28	MG	ZW	0	0	CSF	ZA	7	1325	1447	+1	−2	127	94
2017	06	28	MX	GH	1	0	F	US	2	1947	1580	0	0	10	65
2017	06	29	MU	TZ	1	1	CSF	ZA	15	1040	1335	+1	−2	185	123
2017	06	29	AO	MW	0	0	CSF	ZA	-4	1339	1268	0	+1	122	143
2017	06	30	ZW	SC	6	0	CSF	ZA	4	1451	938	+2	0	92	197
2017	06	30	MG	MZ	4	1	CSF	ZA	36	1361	1297	+8	−9	119	133
2017	07	01	ZM	BW	2	1	CSF	ZA	11	1443	1248	+2	−1	96	147
2017	07	01	LS	NA	0	0	CSF	ZA	8	1217	1345	+4	0	157	121
2017	07	01	US	GH	2	1	F		3	1770	1577	+1	−2	26	67
2017	07	02	ZW	SZ	2	1	CSF	ZA	13	1464	1311	+2	−2	90	129
2017	07	02	ZA	TZ	0	1	CSF		-36	1593	1371	−10	+6	64	118
2017	07	04	NA	SZ	1	0	CSF	ZA	18	1363	1293	+2	−6	120	135
2017	07	04	ZA	BW	2	0	CSF		4	1597	1244	+2	−3	62	150
2017	07	05	ZW	LS	4	3	CSF	ZA	8	1472	1209	+1	−4	89	161
2017	07	05	ZM	TZ	4	2	CSF	ZA	24	1467	1347	+5	−4	91	122
2017	07	07	ZA	NA	1	0	CSF		5	1602	1358	+2	−1	60	120
2017	07	07	LS	TZ	0	0	CSF	ZA	8	1217	1339	+4	−1	157	123
2017	07	09	ZW	ZM	3	1	CSF	ZA	30	1502	1437	+7	−7	82	98
2017	08	19	IN	MU	2	1	FT		7	1165	1033	+1	0	170	185
2017	08	22	MU	KN	1	1	FT	IN	9	1042	1251	0	−1	185	145
2017	08	31	TG	NE	2	0	F	MA	11	1394	1278	+4	−3	110	140
2017	08	31	UG	EG	1	0	WQ		24	1516	1642	+3	−3	81	51
2017	08	31	GN	LY	3	2	WQ		11	1550	1452	+2	−1	73	92
2017	09	01	TN	CD	2	1	WQ		15	1594	1584	+3	−4	63	65
2017	09	01	NG	CM	4	0	WQ		31	1661	1639	+6	−5	47	51
2017	09	01	MA	ML	6	0	WQ		23	1625	1511	+4	−6	55	82
2017	09	01	GH	CG	1	1	WQ		-13	1564	1420	−5	+2	72	103
2017	09	01	CV	ZA	2	1	WQ		25	1444	1577	+8	−9	96	68
2017	09	02	TZ	BW	2	0	F		7	1346	1237	+1	−3	122	152
2017	09	02	MZ	KE	1	1	F		0	1297	1385	0	0	132	112
2017	09	02	ZM	DZ	3	1	WQ		37	1474	1577	+7	−7	91	66
2017	09	02	SN	BF	0	0	WQ		-10	1699	1625	−2	+3	38	55
2017	09	02	GA	CI	0	3	WQ		-23	1411	1680	−5	+4	104	45
2017	09	03	GQ	BJ	1	2	F		-11	1330	1409	−3	+1	126	106
2017	09	04	MW	TG	1	0	F	MA	13	1281	1381	+3	−3	140	113
2017	09	04	LY	GN	1	0	WQ	TN	25	1477	1525	+5	−4	89	77
2017	09	04	CM	NG	1	1	WQ		-4	1635	1665	−2	0	53	47
2017	09	05	NE	MR	2	0	F	MA	17	1295	1314	+6	−1	135	126
2017	09	05	ZA	CV	1	2	WQ		-32	1545	1476	−7	+6	72	90
2017	09	05	ML	MA	0	0	WQ		1	1512	1624	+3	0	79	55
2017	09	05	CI	GA	1	2	WQ		-36	1644	1447	−8	+8	51	97
2017	09	05	EG	UG	1	0	WQ		9	1651	1507	+2	−1	49	81
2017	09	05	CD	TN	2	2	WQ		-5	1579	1599	−3	0	66	62
2017	09	05	CG	GH	1	5	WQ		-33	1387	1597	−9	+8	110	63
2017	09	05	BF	SN	2	2	WQ		-1	1624	1700	0	−2	55	41
2017	09	05	DZ	ZM	0	1	WQ		-31	1546	1505	−6	+10	71	82
2017	09	30	BW	ET	2	0	F		13	1250	1283	+4	−6	147	140
2017	10	04	UG	MG	1	2	F		-16	1491	1377	−6	+3	87	115
2017	10	05	IQ	KE	2	1	F		3	1564	1382	0	0	70	111
2017	10	05	IR	TG	2	0	F		2	1783	1379	0	−2	25	114
2017	10	06	KM	MR	1	0	F	TN	17	1022	1297	+1	−6	187	132
2017	10	06	ML	CI	0	0	WQ		2	1514	1642	0	0	79	50
2017	10	07	TZ	MW	1	1	F		-4	1342	1285	0	+2	120	139
2017	10	07	UG	GH	0	0	WQ		0	1491	1597	+1	+1	86	62
2017	10	07	ZA	BF	3	1	WQ		28	1573	1596	+3	−10	69	64
2017	10	07	NG	ZM	1	0	WQ		7	1672	1498	0	−3	46	84
2017	10	07	MA	GA	3	0	WQ		12	1636	1435	0	−1	54	98
2017	10	07	LY	CD	1	2	WQ	TN	-14	1463	1593	−3	+2	92	65
2017	10	07	GN	TN	1	4	WQ		-38	1487	1637	−11	+9	87	53
2017	10	07	CV	SN	0	2	WQ		-20	1456	1720	−4	+5	94	35
2017	10	07	CM	DZ	2	0	WQ		15	1650	1531	+3	−4	49	75
2017	10	08	TH	KE	1	0	F		7	1407	1375	+5	−5	103	116
2017	10	08	EG	CG	2	1	WQ		4	1655	1383	0	0	48	110
2017	10	09	GQ	MU	3	1	F		3	1333	1039	+2	0	123	185
2017	10	10	SA	GH	0	3	F		-24	1608	1621	−6	+6	61	56
2017	10	10	MZ	CV	1	0	F	PT	14	1311	1442	+4	−1	127	96
2017	10	10	MA	KR	3	1	F	CH	18	1654	1700	+4	−4	50	40
2017	10	10	BJ	GA	1	0	F	FR	11	1420	1424	−2	−3	104	101
2017	11	08	LS	ZW	1	0	F		15	1232	1487	+5	−3	154	84
2017	11	08	CG	BJ	1	1	F		-2	1381	1422	0	+1	109	103
2017	11	10	ZA	SN	0	2	WQ		-26	1547	1746	−2	+5	71	31
2017	11	10	DZ	NG	1	1	WQ		2	1533	1670	+1	0	73	45
2017	11	11	NA	ZW	3	1	F		16	1374	1471	+3	−7	116	91
2017	11	11	MW	LS	1	1	F		-4	1281	1236	−2	+1	140	153
2017	11	11	KM	MG	1	1	F	FR	8	1030	1369	+1	−4	186	118
2017	11	11	ZM	CM	2	2	WQ		3	1501	1647	0	0	80	51
2017	11	11	TN	LY	0	0	WQ		-13	1624	1476	0	+5	54	87
2017	11	11	CI	MA	0	2	WQ		-37	1605	1691	−10	+5	62	45
2017	11	11	GA	ML	0	0	WQ		-1	1423	1515	−1	−1	102	78
2017	11	11	CD	GN	3	1	WQ		14	1607	1473	+7	−6	60	90
2017	11	12	TG	MU	6	0	F		3	1382	1036	+4	0	109	185
2017	11	12	BJ	TZ	1	1	F		-5	1417	1347	0	0	103	120
2017	11	12	GH	EG	1	1	WQ		-4	1617	1659	−1	0	56	50
2017	11	12	CG	UG	1	1	WQ		1	1382	1490	0	−1	109	84
2017	11	14	NG	AR	4	2	F	RU	26	1696	1985	+3	−2	44	6
2017	11	14	GA	BW	0	0	F		-7	1416	1257	−1	+1	103	147
2017	11	14	DZ	CF	3	0	F		4	1537	1296	0	−1	73	132
2017	11	14	SN	ZA	2	1	WQ		6	1752	1541	+4	0	26	71
2017	11	14	BF	CV	4	0	WQ		14	1610	1428	+6	0	59	98
2017	12	03	LY	TZ	0	0	ECA	KE	-7	1469	1354	−3	0	92	120
2017	12	03	KE	RW	2	0	ECA		15	1390	1275	+5	−5	110	141
2017	12	04	BI	UG	0	0	ECA	KE	9	1323	1481	+1	−1	125	85
2017	12	05	ZZ	RW	3	1	ECA	KE	29	1318	1246	+9	−10	127	151
2017	12	05	KE	LY	0	0	ECA		-1	1389	1470	0	0	110	92
2017	12	05	ET	SS	3	0	ECA	KE	15	1298	1049	+6	−2	131	184
2017	12	07	ZZ	TZ	2	1	ECA	KE	22	1340	1332	+5	−5	122	125
2017	12	07	LY	RW	0	0	ECA	KE	-11	1459	1257	0	+5	92	146
2017	12	07	BI	ET	4	1	ECA	KE	32	1355	1266	+5	−12	120	143
2017	12	08	UG	SS	5	1	ECA	KE	6	1487	1043	+1	0	84	184
2017	12	09	RW	TZ	2	1	ECA	KE	24	1281	1308	+10	−3	136	128
2017	12	09	KE	ZZ	0	0	ECA		-8	1381	1348	−2	+1	112	121
2017	12	10	ET	UG	1	1	ECA	KE	11	1277	1476	+4	−4	140	88
2017	12	11	SS	BI	0	0	ECA	KE	14	1057	1341	+1	0	183	120
2017	12	11	LY	ZZ	1	0	ECA	KE	14	1473	1334	+2	−2	90	123
2017	12	11	KE	TZ	1	0	ECA		11	1392	1297	+2	−2	110	130
2017	12	14	KE	BI	1	0	ECA		12	1404	1329	+3	−5	107	125
2017	12	15	ZZ	UG	2	1	ECA	KE	28	1362	1448	+2	−9	120	96
2017	12	17	UG	BI	2	1	ECA	KE	13	1461	1316	+5	−1	92	126
2017	12	17	KE	ZZ	2	2	ECA		-8	1396	1370	−2	+2	109	118
2017	12	25	JO	LY	1	1	F		-3	1477	1476	0	0	86	88