2008	05	19	GR	CY	2	0	F		2	1859	1532	+1	−1	13	78
2008	05	20	TR	SK	1	0	F	DE	5	1814	1629	+1	−1	17	51
2008	05	23	AT	CU	4	1	F		8	1597	1479	+1	0	59	91
2008	05	23	RU	KZ	6	0	F		2	1782	1360	+1	0	26	113
2008	05	24	HR	MD	1	0	F		1	1876	1511	0	0	12	85
2008	05	24	HU	GR	3	2	F		15	1576	1844	+5	−1	64	14
2008	05	24	IE	RS	1	1	F		-4	1762	1740	−1	+4	30	33
2008	05	24	NL	UA	3	0	F		5	1975	1735	0	−4	6	37
2008	05	24	CH	SK	2	0	F		6	1792	1623	+1	−2	24	53
2008	05	25	UY	TR	3	2	F	DE	11	1805	1803	+5	−2	18	19
2008	05	26	MK	PL	1	1	F	DE	6	1566	1785	+1	0	69	25
2008	05	26	SE	SI	1	0	F		2	1797	1547	+1	0	22	73
2008	05	27	AT	NG	1	1	F		1	1598	1715	+1	0	58	40
2008	05	27	CZ	LT	2	0	F		2	1915	1583	0	0	8	60
2008	05	27	EE	GE	1	1	F		0	1421	1506	0	0	104	86
2008	05	27	FR	EC	2	0	F		2	2011	1677	0	0	4	43
2008	05	27	DE	BY	2	2	F		-9	1957	1579	0	+3	7	63
2008	05	27	LU	CV	1	1	F		5	1041	1315	+1	−2	182	128
2008	05	27	ME	KZ	3	0	F		3	1688	1357	0	−1	42	114
2008	05	27	PL	AL	1	0	F	DE	3	1788	1485	0	0	25	90
2008	05	28	EN	US	2	0	F		7	1917	1794	+1	−2	8	23
2008	05	28	IS	WA	0	1	F		-7	1417	1657	−1	0	104	47
2008	05	28	MD	AM	2	2	F		-5	1506	1439	−1	0	85	99
2008	05	28	NO	UY	2	2	F		-1	1737	1806	0	0	34	18
2008	05	28	RU	RS	2	1	F	DE	9	1791	1731	+1	−5	25	38
2008	05	29	IE	CO	1	0	F	EN	12	1774	1820	+2	−1	28	16
2008	05	29	NL	DK	1	1	F		-6	1969	1835	0	+1	6	15
2008	05	29	TR	FI	2	0	F	DE	10	1813	1665	+1	−2	18	46
2008	05	30	AT	MT	5	1	F		3	1601	1254	0	0	58	143
2008	05	30	CZ	AA	3	1	F		6	1921	1754	+1	−1	8	32
2008	05	30	IT	BE	3	1	F		1	2033	1619	0	0	2	54
2008	05	30	LV	EE	1	0	BLC		8	1506	1413	+4	−2	85	105
2008	05	30	CH	LI	3	0	F		1	1793	1179	0	0	24	161
2008	05	31	FR	PY	0	0	F		-7	2004	1806	0	+2	4	19
2008	05	31	DE	RS	2	1	F		3	1960	1728	0	−1	7	39
2008	05	31	HU	HR	1	1	F		5	1581	1871	+2	0	63	12
2008	05	31	LT	EE	1	0	BLC	LV	8	1591	1405	0	−1	60	106
2008	05	31	PT	GE	2	0	F		2	1860	1504	0	−3	13	88
2008	05	31	RO	ME	4	0	F		5	1907	1683	0	0	10	42
2008	05	31	ES	PE	2	1	F		1	1984	1632	0	0	5	51
2008	06	01	AM	GR	0	0	F	DE	8	1447	1836	+1	−1	98	15
2008	06	01	BA	AZ	1	0	F		4	1538	1361	0	−1	77	113
2008	06	01	LV	LT	2	1	BLC		14	1520	1577	+6	−6	80	66
2008	06	01	NL	WA	2	0	F		3	1972	1654	0	0	6	46
2008	06	01	PL	DK	1	1	F		-2	1786	1837	0	+1	26	14
2008	06	01	SE	UA	0	1	F		-14	1783	1749	−5	+3	27	33
2008	06	01	TT	EN	0	3	F		-5	1506	1922	0	+1	85	8
2008	06	02	FI	BY	1	1	F		-5	1660	1584	0	+3	45	60
2008	06	03	FR	CO	1	0	F		3	2007	1817	0	0	4	16
2008	06	04	AD	AZ	1	2	F		-5	1059	1366	0	+1	178	111
2008	06	04	EE	FO	4	3	F		2	1407	1156	+1	0	104	167
2008	06	04	RU	LT	4	1	F	DE	8	1799	1569	+2	−2	22	68
2008	06	04	ES	US	1	0	F		3	1987	1791	0	−2	5	24
2008	06	07	PT	TR	2	0	EC	CH	32	1892	1781	+2	−8	11	26
2008	06	07	CH	CZ	0	1	EC		-23	1770	1944	−6	+1	29	8
2008	06	08	AT	HR	0	1	EC		-14	1587	1885	0	0	59	13
2008	06	08	DE	PL	2	0	EC	AT	20	1980	1766	+1	−5	6	29
2008	06	09	FR	RO	0	0	EC	CH	-7	2000	1914	0	0	4	10
2008	06	09	NL	IT	3	0	EC	CH	51	2023	1982	+4	−4	3	6
2008	06	10	ES	RU	4	1	EC	AT	22	2009	1777	+1	−4	4	25
2008	06	10	SE	GR	2	0	EC	AT	43	1826	1793	+9	−7	15	22
2008	06	11	PT	CZ	3	1	EC	CH	43	1935	1901	+3	−3	8	11
2008	06	11	CH	TR	1	2	EC		-31	1739	1812	−5	+6	33	18
2008	06	12	AT	PL	1	1	EC		6	1593	1760	0	−1	59	29
2008	06	12	HR	DE	2	1	EC	AT	32	1917	1948	+3	0	10	7
2008	06	13	IT	RO	1	1	EC	CH	-5	1977	1919	+1	+1	5	10
2008	06	13	NL	FR	4	1	EC	CH	41	2064	1959	+2	−1	1	6
2008	06	14	RU	GR	1	0	EC	AT	26	1803	1767	+6	−3	19	26
2008	06	14	ES	SE	2	1	EC	AT	13	2022	1813	0	0	4	15
2008	06	15	CH	PT	2	0	EC		48	1787	1887	+10	−4	23	12
2008	06	15	TR	CZ	3	2	EC	CH	31	1843	1870	+1	−1	15	13
2008	06	16	AT	DE	0	1	EC		-9	1584	1957	−1	0	59	7
2008	06	16	HR	PL	1	0	EC	AT	14	1931	1746	+2	−5	8	34
2008	06	17	IT	FR	2	0	EC	CH	36	2013	1923	0	−2	5	8
2008	06	17	NL	RO	2	0	EC	CH	23	2087	1896	0	0	1	10
2008	06	18	RU	SE	2	0	EC	AT	39	1842	1774	+5	−7	15	24
2008	06	18	ES	GR	2	1	EC	AT	9	2031	1758	0	−3	2	30
2008	06	19	DE	PT	3	2	EC	CH	20	1977	1867	0	−1	6	13
2008	06	20	HR	TR	1	1	EC	AT	-6	1925	1849	0	0	7	14
2008	06	21	RU	NL	3	1	EC	CH	60	1902	2027	+5	−1	10	2
2008	06	22	IT	ES	0	0	EC	AT	1	2014	2030	0	0	4	1
2008	06	25	DE	TR	3	2	EC	CH	16	1993	1833	0	−1	6	16
2008	06	26	ES	RU	3	0	EC	AT	28	2058	1874	0	−2	1	12
2008	06	29	ES	DE	1	0	EC	AT	20	2078	1973	0	0	1	6
2008	08	20	AL	LI	2	0	F		3	1488	1176	0	0	90	163
2008	08	20	AT	IT	2	2	F	FR	8	1592	2006	+1	−1	58	5
2008	08	20	BY	AR	0	0	F		7	1591	2013	0	0	59	3
2008	08	20	BA	BG	1	2	F		-6	1532	1808	−4	+1	80	19
2008	08	20	DK	ES	0	3	F		-11	1826	2089	−2	0	17	1
2008	08	20	EN	CZ	2	2	F		-4	1918	1874	0	0	9	13
2008	08	20	EE	MT	2	1	F		4	1411	1250	+1	−3	107	145
2008	08	20	FI	IL	2	0	F		15	1675	1748	+1	−3	46	32
2008	08	20	DE	BE	2	0	F		2	1975	1617	0	0	6	53
2008	08	20	HU	ME	3	3	F		0	1581	1683	−1	+1	63	43
2008	08	20	IS	AZ	1	1	F		-4	1413	1370	−1	−1	105	117
2008	08	20	KZ	AD	3	0	WQ		6	1363	1053	0	−1	119	180
2008	08	20	LT	MD	3	0	F		10	1579	1496	+1	−3	64	88
2008	08	20	LU	MK	1	4	F		-3	1038	1569	0	+1	183	65
2008	08	20	NO	IE	1	1	F		-2	1735	1776	0	+3	36	24
2008	08	20	PT	FO	5	0	F		0	1867	1156	0	0	14	169
2008	08	20	RO	LV	1	0	F		1	1897	1519	−1	−2	11	84
2008	08	20	RU	NL	1	1	F		2	1876	2025	0	0	12	2
2008	08	20	AA	EI	0	0	F		-7	1747	1589	−1	+1	33	60
2008	08	20	SK	GR	0	2	F		-13	1610	1771	−3	+5	55	26
2008	08	20	SI	HR	2	3	F		-3	1544	1928	−5	−1	75	8
2008	08	20	SE	FR	2	3	F		-9	1765	1932	0	+1	27	7
2008	08	20	CH	CY	4	1	F		4	1791	1528	0	−1	22	81
2008	08	20	TR	CL	1	0	F		6	1839	1775	+1	0	15	25
2008	08	20	UA	PL	1	0	F		7	1756	1739	+3	0	30	34
2008	08	20	WA	GE	1	2	F		-16	1638	1520	−1	+3	49	83
2008	08	27	IR	AZ	1	0	F		1	1783	1369	0	0	23	117
2008	09	06	AL	SE	0	0	WQ		9	1497	1756	+2	−3	88	30
2008	09	06	AM	TR	0	2	WQ		-9	1438	1848	−3	0	100	15
2008	09	06	AT	FR	3	1	WQ		48	1640	1884	+7	−3	51	10
2008	09	06	BE	EE	3	2	WQ		6	1623	1405	−1	−1	54	108
2008	09	06	HR	KZ	3	0	WQ		1	1929	1362	+1	0	7	119
2008	09	06	CY	IT	1	2	WQ		-4	1524	2010	−4	+3	85	2
2008	09	06	EN	AD	2	0	WQ	ES	0	1918	1053	+1	0	8	180
2008	09	06	HU	DK	0	0	WQ		8	1589	1818	+2	−1	60	18
2008	09	06	IE	GE	2	1	WQ	DE	7	1783	1513	+2	−2	22	86
2008	09	06	IL	CH	2	2	WQ		-3	1745	1794	0	+1	32	21
2008	09	06	LI	DE	0	6	WQ		-1	1175	1976	0	0	164	6
2008	09	06	LU	GR	0	3	WQ		-2	1036	1773	0	−1	183	27
2008	09	06	MK	AA	1	0	WQ		24	1593	1723	+5	−3	59	36
2008	09	06	MT	PT	0	4	WQ		-4	1246	1871	0	+1	145	13
2008	09	06	MD	LV	1	2	WQ		-24	1472	1543	−2	+9	91	76
2008	09	06	ME	BG	2	2	WQ		1	1684	1807	−1	−1	44	20
2008	09	06	NL	AU	1	2	F		-18	2007	1715	−2	+2	4	39
2008	09	06	NO	IS	2	2	WQ		-17	1718	1430	−3	+4	38	101
2008	09	06	PL	SI	1	1	WQ		-14	1725	1558	−1	+7	35	68
2008	09	06	RO	LT	0	3	WQ		-64	1833	1643	−5	+14	16	49
2008	09	06	RS	FO	2	0	WQ		1	1729	1155	+3	+1	34	168
2008	09	06	SK	EI	2	1	WQ		13	1623	1576	+1	−2	54	62
2008	09	06	ES	BA	1	0	WQ		1	2090	1531	0	−3	1	82
2008	09	06	UA	BY	1	0	WQ		7	1763	1584	+1	−2	29	61
2008	09	06	WA	AZ	1	0	WQ		4	1642	1365	−1	−1	50	118
2008	09	10	AL	MT	3	0	WQ		8	1505	1238	0	−2	88	148
2008	09	10	AD	BY	1	3	WQ		-5	1048	1589	−2	+2	182	59
2008	09	10	AZ	LI	0	0	WQ		-14	1351	1189	−2	+5	120	159
2008	09	10	BA	EE	7	0	WQ		19	1550	1386	+12	−7	69	115
2008	09	10	HR	EN	1	4	WQ		-46	1883	1964	−3	+1	10	7
2008	09	10	FO	RO	0	1	WQ		-1	1154	1834	0	0	168	16
2008	09	10	FI	DE	3	3	WQ		10	1685	1966	+1	0	44	6
2008	09	10	FR	RS	2	1	WQ		7	1891	1722	+1	−4	9	38
2008	09	10	IS	AA	1	2	WQ		-10	1420	1733	−3	+2	105	34
2008	09	10	IT	GE	2	0	WQ		2	2012	1511	−1	0	4	86
2008	09	10	KZ	UA	1	3	WQ		-9	1353	1772	0	+2	119	26
2008	09	10	LV	GR	0	2	WQ		-19	1524	1792	−8	+5	83	21
2008	09	10	LT	AT	2	0	WQ		21	1664	1619	+2	−3	47	54
2008	09	10	MK	NL	1	2	WQ		-6	1587	2013	−2	+1	61	3
2008	09	10	MD	IL	1	2	WQ		-11	1461	1756	−2	+2	92	30
2008	09	10	ME	IE	0	0	WQ		0	1684	1783	−1	0	45	22
2008	09	10	EI	CZ	0	0	WQ		10	1586	1864	+1	0	62	12
2008	09	10	PT	DK	2	3	WQ		-28	1843	1846	−1	+6	14	13
2008	09	10	RU	WA	2	1	WQ		5	1881	1637	0	−3	11	53
2008	09	10	SM	PL	0	2	WQ		-1	925	1726	0	−2	192	37
2008	09	10	SI	SK	2	1	WQ		18	1576	1605	+2	−2	66	56
2008	09	10	ES	AM	4	0	WQ		1	2091	1437	0	+2	1	98
2008	09	10	SE	HU	2	1	WQ		7	1763	1582	+2	−4	28	64
2008	09	10	CH	LU	1	2	WQ		-40	1754	1076	−10	+5	31	178
2008	09	10	TR	BE	1	1	WQ		-15	1833	1638	−2	+2	17	52
2008	10	11	BE	AM	2	0	WQ		9	1647	1428	+3	−2	49	100
2008	10	11	BG	IT	0	0	WQ		6	1813	2006	0	0	20	4
2008	10	11	DK	MT	3	0	WQ		1	1847	1237	+1	−1	12	148
2008	10	11	EN	KZ	5	1	WQ		1	1965	1352	0	−1	7	120
2008	10	11	EE	ES	0	3	WQ		-2	1384	2093	0	0	116	1
2008	10	11	FO	AT	1	1	WQ		16	1170	1603	+2	−3	165	57
2008	10	11	FI	AZ	1	0	WQ		3	1688	1348	0	−1	44	121
2008	10	11	GE	CY	1	1	WQ		-5	1506	1529	0	+1	86	82
2008	10	11	DE	RU	2	1	WQ		10	1976	1871	0	+1	6	10
2008	10	11	GR	MD	3	0	WQ		5	1797	1456	+1	0	21	93
2008	10	11	HU	AL	2	0	WQ		16	1598	1489	+5	−1	59	89
2008	10	11	LU	IL	1	3	WQ		-2	1074	1758	0	−1	178	31
2008	10	11	NL	IS	2	0	WQ		1	2014	1419	+1	+1	2	104
2008	10	11	PL	CZ	2	1	WQ		22	1748	1842	+5	−3	32	15
2008	10	11	RO	FR	2	2	WQ		-2	1832	1893	−1	+1	17	8
2008	10	11	SM	SK	1	3	WQ		-2	923	1607	0	0	192	56
2008	10	11	AA	NO	0	0	WQ		-6	1727	1724	−3	0	37	39
2008	10	11	RS	LT	3	0	WQ		20	1742	1644	+4	−4	34	51
2008	10	11	SI	EI	2	0	WQ		22	1598	1564	+7	−5	59	67
2008	10	11	SE	PT	0	0	WQ		-1	1762	1844	0	0	28	14
2008	10	11	CH	LV	2	1	WQ		5	1759	1519	+1	0	30	83
2008	10	11	TR	BA	2	1	WQ		4	1837	1546	+1	−4	16	73
2008	10	11	UA	HR	0	0	WQ		1	1773	1882	0	+1	25	9
2008	10	11	WA	LI	2	0	WQ		2	1639	1187	+1	0	52	159
2008	10	14	FR	TN	3	1	F		3	1896	1615	0	0	8	54
2008	10	15	AT	RS	1	3	WQ		-27	1576	1769	−9	+9	66	26
2008	10	15	BH	AZ	1	2	F		-17	1529	1365	−6	+3	79	118
2008	10	15	BY	EN	1	3	WQ		-10	1579	1975	−4	+1	65	6
2008	10	15	BE	ES	1	2	WQ		-5	1642	2098	−2	0	51	1
2008	10	15	BA	AM	4	1	WQ		16	1562	1412	+4	−7	69	106
2008	10	15	HR	AD	4	0	WQ		0	1882	1048	0	0	9	182
2008	10	15	CZ	SI	1	0	WQ		5	1847	1593	+2	−1	13	60
2008	10	15	EE	TR	0	0	WQ		15	1399	1822	+4	−2	113	18
2008	10	15	GE	BG	0	0	WQ		11	1517	1802	+1	0	85	20
2008	10	15	DE	WA	1	0	WQ		3	1979	1636	+1	−1	5	52
2008	10	15	GR	CH	1	2	WQ		-28	1769	1787	−5	+6	26	24
2008	10	15	IS	MK	1	0	WQ		24	1443	1563	+9	−6	95	68
2008	10	15	IE	CY	1	0	WQ		5	1788	1524	0	0	22	82
2008	10	15	IT	ME	2	1	WQ		3	2009	1681	0	0	4	45
2008	10	15	LV	IL	1	1	WQ		8	1527	1750	+4	0	80	31
2008	10	15	LT	FO	1	0	WQ		1	1645	1169	0	0	50	165
2008	10	15	LU	MD	0	0	WQ		13	1087	1443	+1	−2	177	95
2008	10	15	MT	HU	0	1	WQ		-7	1230	1605	−2	+2	150	57
2008	10	15	NO	NL	0	1	WQ		-10	1714	2024	0	+1	39	2
2008	10	15	EI	SM	4	0	WQ		1	1565	922	0	0	67	192
2008	10	15	PT	AL	0	0	WQ		-17	1827	1506	−2	+2	16	87
2008	10	15	RU	FI	3	0	WQ		11	1882	1677	+1	−2	9	46
2008	10	15	SK	PL	2	1	WQ		22	1629	1726	+3	−4	53	37
2008	11	12	EE	LV	1	1	F		1	1400	1526	0	+1	113	78
2008	11	18	EE	MD	1	0	FT		13	1413	1430	+6	−4	107	99
2008	11	19	AT	TR	2	4	F		-9	1567	1831	0	+3	65	15
2008	11	19	AZ	AL	1	1	F		1	1366	1505	−1	+1	119	89
2008	11	19	BR	PT	6	2	F		6	2017	1821	0	−2	3	18
2008	11	19	CY	BY	2	1	F		9	1533	1570	+6	0	75	64
2008	11	19	DK	WA	0	1	F		-17	1830	1653	−4	+2	17	50
2008	11	19	FR	UY	0	0	F		-5	1891	1831	0	+2	8	15
2008	11	19	DE	EN	1	2	F		-13	1966	1988	−2	+1	7	5
2008	11	19	GR	IT	1	1	F		4	1773	2005	−2	0	28	4
2008	11	19	IE	PL	2	3	F		-14	1774	1740	−4	+2	27	35
2008	11	19	IL	CI	2	2	F		-4	1746	1710	−2	0	34	41
2008	11	19	LT	MD	1	1	FT	EE	-8	1637	1438	−1	0	51	99
2008	11	19	LU	BE	1	1	F		9	1096	1633	+1	−1	176	52
2008	11	19	MT	IS	0	1	F		-7	1223	1450	−2	+2	153	94
2008	11	19	ME	MK	2	1	F		4	1685	1559	0	+1	45	67
2008	11	19	NL	SE	3	1	F		3	2027	1759	0	−1	2	30
2008	11	19	EI	HU	0	2	F		-18	1547	1623	−3	+2	70	54
2008	11	19	RO	GE	2	1	F		2	1834	1515	+1	+3	14	82
2008	11	19	SM	CZ	0	3	WQ		-1	921	1848	0	+1	192	12
2008	11	19	AA	AR	0	1	F		-6	1721	1974	−3	+1	39	6
2008	11	19	RS	BG	6	1	F		16	1785	1786	+3	−2	23	22
2008	11	19	SK	LI	4	0	F		2	1631	1185	0	0	53	159
2008	11	19	SI	BA	3	4	F		-14	1579	1576	−2	+6	62	63
2008	11	19	ES	CL	3	0	F		3	2101	1800	0	−1	1	20
2008	11	19	CH	FI	1	0	F		5	1792	1672	+3	0	21	46
2008	11	19	UA	NO	1	0	F		6	1779	1708	0	−4	25	42
2008	11	22	EE	LT	1	1	FT		5	1418	1632	+3	−1	104	52
2008	12	14	PL	RS	1	0	F	TR	11	1751	1774	+3	−3	32	26
2009	01	24	US	SE	3	2	F		6	1813	1753	0	−1	19	31
2009	01	28	SE	MX	1	0	F	US	12	1765	1823	+3	−4	28	17
2009	02	01	AZ	UZ	1	1	F	AE	5	1371	1568	+2	−1	118	66
2009	02	04	JP	FI	5	1	F		10	1759	1662	+1	0	30	47
2009	02	07	LT	PL	1	1	F	PT	3	1635	1748	+1	0	52	31
2009	02	10	BR	IT	2	0	F	EN	14	2031	1991	+1	0	2	4
2009	02	10	CY	RS	0	2	FT		-14	1519	1788	−5	+3	80	21
2009	02	10	UA	SK	3	2	FT	CY	9	1788	1622	+2	−1	21	55
2009	02	11	AM	LV	0	0	F	CY	3	1415	1523	+1	−2	106	80
2009	02	11	AT	SE	0	2	F		-11	1556	1776	−2	+3	69	25
2009	02	11	BE	SI	2	0	F		9	1642	1570	+2	−2	51	65
2009	02	11	CY	SK	3	2	FT		15	1534	1607	+5	−2	75	57
2009	02	11	FR	AR	0	2	F		-16	1875	1990	−2	+1	10	5
2009	02	11	DE	NO	0	1	F		-18	1948	1726	0	+4	7	38
2009	02	11	GR	DK	1	1	F		-1	1772	1831	−1	+1	27	15
2009	02	11	IS	LI	2	0	F	ES	5	1455	1180	+1	−1	93	160
2009	02	11	IE	GE	2	1	WQ		4	1778	1511	+1	0	24	82
2009	02	11	IL	HU	1	0	F		4	1750	1619	0	−1	34	55
2009	02	11	KZ	EE	2	0	F	TR	18	1370	1400	+1	−7	120	113
2009	02	11	KW	AZ	1	1	F		-4	1435	1375	−2	0	101	118
2009	02	11	LT	AD	3	1	F	PT	1	1636	1047	−1	0	53	183
2009	02	11	MK	MD	1	1	F	TR	-3	1556	1441	+2	+2	69	99
2009	02	11	MT	AL	0	0	WQ		10	1233	1495	+1	−1	151	86
2009	02	11	MA	CZ	0	0	F		2	1662	1846	+2	0	46	12
2009	02	11	PL	WA	1	0	F	PT	7	1755	1646	+1	0	30	50
2009	02	11	PT	FI	1	0	F		4	1825	1658	+2	−1	16	48
2009	02	11	RO	HR	1	2	F		-11	1823	1893	−5	+1	18	8
2009	02	11	SM	EI	0	3	WQ		-3	918	1550	−2	0	195	72
2009	02	11	ES	EN	2	0	F		7	2108	1981	0	−1	1	6
2009	02	11	CH	BG	1	1	F		-3	1789	1789	−2	+1	22	22
2009	02	11	TN	NL	1	1	F		7	1627	2020	+2	0	54	3
2009	02	11	TR	CI	1	1	F		-6	1825	1716	−2	0	16	41
2009	02	11	UA	RS	1	0	FT	CY	15	1803	1773	+2	−5	19	26
2009	03	22	IS	FO	1	2	F		-18	1437	1187	−7	+4	101	159
2009	03	28	AL	HU	0	1	WQ		-19	1476	1638	−4	+4	90	51
2009	03	28	AM	EE	2	2	WQ		-6	1409	1406	−1	+3	107	109
2009	03	28	BE	BA	2	4	WQ		-43	1599	1619	−7	+8	58	54
2009	03	28	CY	GE	2	1	WQ		13	1547	1498	+3	−2	73	84
2009	03	28	EN	SK	4	0	F		2	1983	1605	0	0	6	57
2009	03	28	DE	LI	4	0	WQ		1	1949	1179	0	0	7	161
2009	03	28	IE	BG	1	1	WQ		-5	1773	1794	−3	−1	27	23
2009	03	28	IL	GR	1	1	WQ		-4	1746	1776	+3	+1	31	26
2009	03	28	LT	FR	0	1	WQ		-12	1624	1887	0	+1	53	9
2009	03	28	LU	LV	0	4	WQ		-10	1086	1533	−1	+3	177	78
2009	03	28	MT	DK	0	3	WQ		-4	1229	1835	−1	+1	152	14
2009	03	28	MD	CH	0	2	WQ		-12	1429	1801	−3	+2	102	20
2009	03	28	ME	IT	0	2	WQ		-14	1671	2005	−2	0	47	4
2009	03	28	NL	AA	3	0	WQ		6	2026	1715	0	0	3	39
2009	03	28	EI	PL	3	2	WQ		26	1576	1729	+7	−5	65	35
2009	03	28	PT	SE	0	0	WQ		-8	1817	1784	−2	0	18	25
2009	03	28	RO	RS	2	3	WQ		-28	1795	1801	−4	+6	22	20
2009	03	28	RU	AZ	2	0	WQ		2	1884	1373	−1	0	10	118
2009	03	28	SI	CZ	0	0	WQ		9	1579	1837	+3	0	63	12
2009	03	28	ZA	NO	2	1	FT		20	1528	1706	+3	−4	80	41
2009	03	28	ES	TR	1	0	WQ		4	2112	1821	0	−1	1	17
2009	03	28	WA	FI	0	2	WQ		-37	1609	1695	−6	+3	56	45
2009	03	31	PT	ZA	2	0	F	CH	5	1822	1523	+2	−1	16	81
2009	04	01	AD	HR	0	2	WQ		-1	1046	1894	0	0	183	8
2009	04	01	AT	RO	2	1	WQ		28	1584	1767	+6	−4	64	27
2009	04	01	BA	BE	2	1	WQ		13	1632	1586	−1	−5	55	63
2009	04	01	BG	CY	2	0	WQ		7	1801	1540	+3	−1	21	74
2009	04	01	CZ	SK	1	2	WQ		-35	1802	1640	−8	+5	20	52
2009	04	01	DK	AL	3	0	WQ		5	1840	1471	+2	−1	12	92
2009	04	01	EN	UA	2	1	WQ		7	1990	1796	+2	−2	4	22
2009	04	01	EE	AM	1	0	WQ		15	1421	1394	+4	−7	104	113
2009	04	01	FR	LT	1	0	WQ		4	1891	1620	0	−3	9	56
2009	04	01	GE	ME	0	0	WQ		4	1502	1667	+1	0	83	48
2009	04	01	GR	IL	2	1	WQ		13	1789	1733	+2	−2	24	31
2009	04	01	HU	MT	3	0	WQ		4	1642	1225	+2	0	50	152
2009	04	01	IT	IE	1	1	WQ		-15	1990	1788	0	+2	4	25
2009	04	01	KZ	BY	1	5	WQ		-27	1343	1597	−2	+8	122	58
2009	04	01	LV	LU	2	0	WQ		2	1535	1084	+1	0	77	177
2009	04	01	LI	RU	0	1	WQ		-1	1178	1885	−1	0	161	10
2009	04	01	NL	MK	4	0	WQ		3	2029	1553	0	−1	2	71
2009	04	01	NO	FI	3	2	F		7	1713	1688	−1	0	43	45
2009	04	01	EI	SI	1	0	WQ		15	1591	1564	+3	−7	61	69
2009	04	01	PL	SM	10	0	WQ		1	1730	917	0	0	34	197
2009	04	01	AA	IS	2	1	WQ		4	1719	1433	−2	0	41	101
2009	04	01	RS	SE	2	0	F		10	1811	1774	+5	−1	16	26
2009	04	01	CH	MD	2	0	WQ		4	1805	1425	+2	−1	19	103
2009	04	01	TR	ES	1	2	WQ		-10	1811	2122	+2	0	16	1
2009	04	01	WA	DE	0	2	WQ		-12	1597	1961	−2	+1	58	6
2009	05	29	BE	CL	1	1	FT	JP	8	1594	1777	+1	−1	61	26
2009	05	29	CN	DE	1	1	F		7	1535	1954	+3	0	77	6
2009	05	29	IE	NG	1	1	F	EN	-2	1786	1728	0	0	24	37
2009	05	29	WA	EE	1	0	F		3	1600	1418	0	−1	58	105
2009	05	30	CY	CA	0	1	F		-12	1528	1579	−6	+2	80	65
2009	05	31	JP	BE	4	0	FT		9	1792	1585	+2	−2	23	63
2009	06	01	UZ	BA	0	0	F		-1	1555	1633	0	0	70	54
2009	06	02	FR	NG	0	1	F		-16	1875	1744	−1	+6	10	30
2009	06	02	TR	AZ	2	0	F		1	1812	1372	0	−1	16	118
2009	06	02	AE	DE	2	7	F		-3	1405	1957	−1	0	108	6
2009	06	05	CZ	MT	1	0	F		0	1802	1225	0	0	18	152
2009	06	05	FR	TR	1	0	F		6	1881	1806	0	−1	10	16
2009	06	06	AL	PT	1	2	WQ		-8	1463	1830	−1	+1	93	13
2009	06	06	AZ	WA	0	1	WQ		-13	1359	1613	−2	+3	120	56
2009	06	06	BY	AD	5	1	WQ		2	1599	1044	0	−1	60	184
2009	06	06	BG	IE	1	1	WQ		-6	1795	1792	−3	+1	22	24
2009	06	06	HR	UA	2	2	WQ		-10	1884	1806	−1	+4	9	17
2009	06	06	CY	ME	2	2	WQ		2	1530	1665	−2	0	81	48
2009	06	06	EE	GQ	3	0	F		5	1423	1213	+1	−2	104	155
2009	06	06	FI	LI	2	1	WQ		1	1689	1177	0	0	46	162
2009	06	06	GE	MD	1	2	F		-15	1487	1440	−3	+3	87	100
2009	06	06	IS	NL	1	2	WQ		-2	1431	2031	−1	−1	102	3
2009	06	06	IT	EI	3	0	F		2	1992	1589	−1	0	5	61
2009	06	06	KZ	EN	0	4	WQ		-3	1340	1993	0	0	123	4
2009	06	06	LT	RO	0	1	WQ		-17	1603	1784	−3	+2	59	27
2009	06	06	MK	NO	0	0	WQ		3	1556	1710	+1	0	70	42
2009	06	06	RS	AT	1	0	WQ		5	1816	1579	0	0	15	64
2009	06	06	SK	SM	7	0	WQ		1	1641	916	+1	0	51	197
2009	06	06	ZA	PL	1	0	F		13	1537	1717	+2	−5	78	39
2009	06	06	SE	DK	0	1	WQ		-22	1752	1862	−3	+1	30	11
2009	06	09	AZ	ES	0	6	F		-1	1358	2123	0	0	120	1
2009	06	09	BA	OM	2	1	F	FR	9	1642	1602	+3	−2	51	59
2009	06	09	IQ	PL	1	1	F	ZA	5	1529	1712	+2	−1	80	39
2009	06	10	AL	GE	1	1	F		-2	1461	1489	0	0	94	88
2009	06	10	BY	MD	2	2	F		-6	1593	1446	0	+1	60	99
2009	06	10	EN	AD	6	0	WQ		0	1993	1044	0	0	4	184
2009	06	10	EE	PT	0	0	F		7	1430	1823	+2	−1	102	14
2009	06	10	FO	RS	0	2	WQ		-3	1184	1819	0	0	159	15
2009	06	10	FI	RU	0	3	WQ		-26	1663	1911	−2	+1	48	7
2009	06	10	IT	NZ	4	3	F	ZA	1	1993	1496	+1	0	4	85
2009	06	10	MK	IS	2	0	WQ		13	1569	1418	+2	−2	67	104
2009	06	10	NL	NO	2	0	WQ		5	2036	1705	0	−3	3	45
2009	06	10	SE	MT	4	0	WQ		2	1754	1223	0	0	29	152
2009	06	10	UA	KZ	2	1	WQ		1	1807	1339	0	0	17	123
2009	06	14	ES	NZ	5	0	CC	ZA	3	2126	1493	0	−2	1	87
2009	06	15	IT	US	3	1	CC	ZA	20	2013	1792	0	−5	4	21
2009	06	17	ES	IQ	1	0	CC	ZA	2	2128	1535	0	0	1	75
2009	06	18	EG	IT	1	0	CC	ZA	43	1744	1970	+12	−1	33	5
2009	06	20	ZA	ES	0	2	CC		-5	1548	2133	−2	0	72	1
2009	06	21	BR	IT	3	0	CC	ZA	31	2109	1939	0	−1	2	6
2009	06	24	US	ES	2	0	CC	ZA	65	1882	2068	+6	−1	10	2
2009	06	28	ZA	ES	2	3	CC		-4	1541	2072	−1	0	73	2
2009	08	12	AL	CY	6	1	F		18	1479	1512	+6	−1	89	83
2009	08	12	AM	MD	1	4	F		-20	1374	1466	−7	+6	117	93
2009	08	12	AT	CM	0	2	F		-14	1565	1718	−1	+2	66	42
2009	08	12	AZ	DE	0	2	WQ		-3	1355	1960	+1	0	119	5
2009	08	12	BY	HR	1	3	WQ		-15	1578	1899	−3	+1	64	8
2009	08	12	BA	IR	2	3	F		-11	1631	1725	−2	0	52	40
2009	08	12	BG	LV	1	0	F		2	1797	1533	+1	−2	21	80
2009	08	12	CZ	BE	3	1	F		4	1806	1581	+3	0	18	63
2009	08	12	DK	CL	1	2	F		-14	1848	1846	0	0	12	13
2009	08	12	EE	BR	0	1	F		-1	1429	2124	+1	0	102	1
2009	08	12	FO	FR	0	1	WQ		-1	1183	1882	−1	0	160	10
2009	08	12	HU	RO	0	1	F		-9	1633	1793	−1	+4	51	22
2009	08	12	IS	SK	1	1	F		3	1421	1638	0	+2	105	50
2009	08	12	IE	AU	0	3	F		-24	1768	1772	−5	+7	28	26
2009	08	12	LI	PT	0	3	F		-1	1176	1824	0	−1	161	16
2009	08	12	LU	LT	0	1	F		-2	1082	1605	−1	−1	176	60
2009	08	12	MK	ES	2	3	F		-2	1567	2074	+1	0	65	2
2009	08	12	MT	GE	2	0	F		22	1245	1467	+8	−6	144	92
2009	08	12	ME	WA	2	1	F		6	1671	1607	0	−1	47	58
2009	08	12	NL	EN	2	2	F		-4	2032	1997	0	0	3	4
2009	08	12	NO	AA	4	0	WQ		28	1733	1691	+6	−6	37	45
2009	08	12	EI	IL	1	1	F		1	1590	1732	+1	−1	61	38
2009	08	12	PL	GR	2	0	F		14	1726	1775	+2	−1	39	25
2009	08	12	RU	AR	2	3	F		-13	1898	1908	−2	+1	9	7
2009	08	12	SI	SM	5	0	WQ		1	1565	915	+1	0	66	197
2009	08	12	ZA	RS	1	3	F		-8	1533	1827	−7	+1	80	15
2009	08	12	SE	FI	1	0	F		5	1759	1658	−1	0	30	48
2009	08	12	CH	IT	0	0	F		1	1806	1938	+2	0	18	6
2009	08	12	UA	TR	0	3	F		-22	1785	1828	−5	+5	23	14
2009	09	04	MT	CV	0	2	F		-15	1230	1364	−7	+2	150	119
2009	09	05	AM	BA	0	2	WQ		-17	1357	1648	−2	+3	119	50
2009	09	05	AT	FO	3	1	WQ		4	1569	1179	+1	0	65	160
2009	09	05	AZ	FI	1	2	WQ		-9	1346	1667	−1	+1	121	47
2009	09	05	BG	ME	4	1	WQ		15	1812	1656	+3	−1	18	48
2009	09	05	HR	BY	1	0	WQ		3	1902	1575	0	0	8	64
2009	09	05	CY	IE	1	2	WQ		-12	1500	1780	−1	+3	84	25
2009	09	05	DK	PT	1	1	WQ		-7	1841	1831	0	+2	12	14
2009	09	05	EN	SI	2	1	F		1	1998	1564	0	−2	4	68
2009	09	05	FR	RO	1	1	WQ		-10	1872	1803	−1	+3	11	19
2009	09	05	GE	IT	0	2	WQ		-6	1461	1944	−1	0	93	6
2009	09	05	DE	ZA	2	0	F		1	1961	1532	0	0	5	79
2009	09	05	HU	SE	1	2	WQ		-19	1614	1778	−4	+4	56	26
2009	09	05	IS	NO	1	1	WQ		11	1432	1722	+3	−1	102	38
2009	09	05	IL	LV	0	1	WQ		-34	1698	1567	−7	+12	45	67
2009	09	05	MD	LU	0	0	WQ		-18	1448	1100	−5	+1	98	175
2009	09	05	NL	JP	3	0	F		4	2036	1766	0	−1	3	28
2009	09	05	PL	EI	1	1	WQ		-12	1714	1602	0	0	39	61
2009	09	05	RU	LI	3	0	WQ		1	1899	1175	0	0	9	161
2009	09	05	AA	MK	2	0	WQ		13	1704	1554	+2	−5	43	70
2009	09	05	SK	CZ	2	2	WQ		4	1642	1802	−1	−3	51	21
2009	09	05	ES	BE	5	0	WQ		3	2077	1578	0	0	2	63
2009	09	05	CH	GR	2	0	WQ		19	1825	1756	+1	−6	17	31
2009	09	05	TR	EE	4	2	WQ		3	1831	1426	0	−2	14	104
2009	09	05	UA	AD	5	0	WQ		1	1786	1043	0	0	23	184
2009	09	08	IE	ZA	1	0	F		2	1782	1530	0	−1	25	80
2009	09	09	AL	DK	1	1	WQ		13	1492	1828	0	−2	88	14
2009	09	09	AD	KZ	1	3	WQ		-15	1028	1354	0	+3	184	120
2009	09	09	AM	BE	2	1	WQ		27	1384	1551	+4	−8	115	71
2009	09	09	BY	UA	0	0	WQ		6	1581	1780	+1	−3	63	26
2009	09	09	BA	TR	1	1	WQ		5	1653	1826	+1	−1	49	15
2009	09	09	CZ	SM	7	0	WQ		0	1802	915	0	0	21	197
2009	09	09	EN	HR	5	1	WQ		18	2016	1884	0	−1	4	9
2009	09	09	FO	LT	2	1	WQ		35	1214	1570	+4	−5	156	65
2009	09	09	DE	AZ	4	0	WQ		1	1962	1345	0	−1	5	122
2009	09	09	HU	PT	0	1	WQ		-14	1600	1845	−2	+2	58	12
2009	09	09	IS	GE	3	1	F		12	1444	1449	+3	−3	99	96
2009	09	09	IL	LU	7	0	WQ		2	1700	1098	+4	0	41	175
2009	09	09	IT	BG	2	0	WQ		12	1956	1800	0	−4	6	22
2009	09	09	LV	CH	2	2	WQ		9	1576	1816	+3	0	64	17
2009	09	09	LI	FI	1	1	WQ		16	1191	1651	+3	−3	158	50
2009	09	09	MT	SE	0	1	WQ		-3	1227	1781	−3	+1	153	25
2009	09	09	MD	GR	1	1	WQ		11	1459	1745	+5	−3	92	34
2009	09	09	ME	CY	1	1	WQ		-13	1643	1513	−2	+1	51	83
2009	09	09	NO	MK	2	1	WQ		7	1729	1547	+1	−3	37	73
2009	09	09	EI	SK	0	2	WQ		-35	1567	1677	−5	+6	66	45
2009	09	09	RO	AT	1	1	WQ		-15	1788	1584	−4	+4	23	61
2009	09	09	AA	NL	0	1	WQ		-8	1696	2044	0	0	43	3
2009	09	09	RS	FR	1	1	WQ		-3	1824	1875	0	+1	16	10
2009	09	09	SI	PL	3	0	WQ		40	1604	1674	+11	−7	57	46
2009	09	09	ES	EE	3	0	WQ		1	2078	1425	0	−1	2	105
2009	09	09	WA	RU	1	3	WQ		-15	1592	1914	0	+1	59	8
2009	10	08	HR	QA	3	2	F		1	1885	1533	0	−1	9	78
2009	10	10	AO	MT	2	1	F	PT	4	1498	1223	−1	−1	86	153
2009	10	10	AM	ES	1	2	WQ		-1	1383	2079	+1	0	114	2
2009	10	10	AU	NL	0	0	F		5	1765	2039	+4	0	26	3
2009	10	10	AT	LT	2	1	WQ		14	1598	1556	+4	−4	57	69
2009	10	10	BY	KZ	4	0	WQ		10	1591	1344	+2	−3	61	123
2009	10	10	BE	TR	2	0	WQ		44	1595	1782	+13	−9	58	24
2009	10	10	CY	BG	4	1	WQ		52	1565	1748	+17	−8	66	30
2009	10	10	CZ	PL	2	0	WQ		13	1815	1661	+1	−3	20	49
2009	10	10	DK	SE	1	0	WQ		12	1840	1769	−1	0	15	25
2009	10	10	EE	BA	0	2	WQ		-19	1406	1672	−3	+4	108	45
2009	10	10	FI	WA	2	1	WQ		11	1662	1581	+2	−5	48	64
2009	10	10	FR	FO	5	0	WQ		1	1876	1213	−1	0	11	156
2009	10	10	GR	LV	5	2	WQ		12	1757	1564	+6	−3	28	67
2009	10	10	IE	IT	2	2	WQ		4	1786	1952	+2	0	22	6
2009	10	10	IL	MD	3	1	WQ		7	1707	1452	+1	−2	40	94
2009	10	10	JP	AA	2	0	F		8	1786	1688	+5	−1	22	44
2009	10	10	LI	AZ	0	2	WQ		-25	1166	1370	−6	+4	164	118
2009	10	10	LU	CH	0	3	WQ		-2	1096	1818	0	−2	175	19
2009	10	10	ME	GE	2	1	WQ		6	1649	1443	+1	−3	50	99
2009	10	10	NO	ZA	1	0	F		3	1732	1529	+2	−2	36	82
2009	10	10	PT	HU	3	0	WQ		8	1853	1592	−1	−2	13	60
2009	10	10	RU	DE	0	1	WQ		-23	1891	1985	−1	0	8	5
2009	10	10	RS	RO	5	0	WQ		25	1849	1763	+2	−4	14	27
2009	10	10	SK	SI	0	2	WQ		-44	1633	1648	−7	+6	52	51
2009	10	10	UA	EN	1	0	WQ		27	1807	1989	+5	0	21	4
2009	10	11	MK	QA	2	1	F		7	1554	1526	+3	−5	72	83
2009	10	13	IS	ZA	1	0	F		10	1454	1519	+4	−2	94	83
2009	10	14	AD	UA	0	6	WQ		-2	1026	1809	0	+5	184	16
2009	10	14	AZ	RU	1	1	WQ		17	1387	1874	+5	−3	113	11
2009	10	14	BA	ES	2	5	WQ		-10	1662	2089	−2	0	47	2
2009	10	14	BG	GE	6	2	WQ		7	1755	1436	−1	−2	31	101
2009	10	14	CZ	EI	0	0	WQ		-15	1800	1582	0	+1	20	65
2009	10	14	DK	HU	0	1	WQ		-35	1805	1627	−3	+6	18	55
2009	10	14	EN	BY	3	0	WQ		4	1993	1587	0	−1	4	63
2009	10	14	EE	BE	2	0	WQ		38	1444	1557	+10	−12	98	71
2009	10	14	FR	AT	3	1	WQ		6	1882	1592	+1	−2	10	60
2009	10	14	DE	FI	1	1	WQ		-17	1968	1679	0	+2	5	46
2009	10	14	GR	LU	2	1	WQ		0	1757	1096	−2	0	30	175
2009	10	14	IE	ME	0	0	WQ		-12	1774	1661	−3	+2	25	48
2009	10	14	IT	CY	3	2	WQ		2	1954	1563	0	−2	6	69
2009	10	14	KZ	HR	1	2	WQ		-3	1341	1888	0	0	123	9
2009	10	14	LV	MD	3	2	WQ		9	1573	1443	+2	−3	66	99
2009	10	14	LI	WA	0	2	WQ		-8	1158	1589	−2	+2	166	62
2009	10	14	LT	RS	2	1	WQ		30	1586	1819	+6	−1	64	15
2009	10	14	PL	SK	0	1	WQ		-27	1634	1660	−3	+3	52	49
2009	10	14	PT	MT	4	0	WQ		1	1854	1222	0	0	13	153
2009	10	14	RO	FO	3	1	WQ		1	1764	1212	0	−1	27	157
2009	10	14	SM	SI	0	3	WQ		-2	913	1650	0	0	197	51
2009	10	14	SE	AL	4	1	WQ		7	1776	1485	+1	−1	24	88
2009	10	14	CH	IL	0	0	WQ		-11	1807	1718	+2	−1	17	40
2009	10	14	TR	AM	2	0	WQ		3	1785	1380	+2	−2	22	116
2009	11	10	IR	IS	1	0	F		2	1702	1452	0	−1	43	95
2009	11	13	SA	BY	2	1	F		5	1689	1582	+1	−1	44	63
2009	11	14	BE	HU	3	0	F		16	1573	1611	+6	−1	65	56
2009	11	14	BR	EN	1	0	F	QA	7	2101	1986	0	0	1	4
2009	11	14	HR	LI	5	0	F		0	1888	1158	−1	0	10	167
2009	11	14	DK	KR	0	0	F		-4	1801	1757	0	+2	18	29
2009	11	14	EE	AL	0	0	F		-2	1442	1487	−3	−1	100	89
2009	11	14	GR	UA	0	0	WQ		-3	1754	1812	−2	−1	31	17
2009	11	14	HN	LV	2	1	F		3	1763	1570	0	−1	27	67
2009	11	14	IE	FR	0	1	WQ		-20	1754	1902	−7	+3	31	7
2009	11	14	IT	NL	0	0	F		0	1954	2039	0	0	6	3
2009	11	14	LU	IS	1	1	F		6	1102	1446	0	−3	175	98
2009	11	14	MK	CA	3	0	F		16	1570	1614	+6	0	67	54
2009	11	14	EI	RS	0	1	F		-6	1576	1825	−1	+1	64	14
2009	11	14	PL	RO	0	1	F		-9	1625	1773	0	0	52	26
2009	11	14	PT	BA	1	0	WQ		6	1860	1656	0	−2	13	49
2009	11	14	RU	SI	2	1	WQ		5	1879	1645	0	+1	11	50
2009	11	14	SA	BY	1	1	F		-5	1684	1587	0	+1	44	62
2009	11	14	SK	US	1	0	F		12	1672	1814	+3	−2	46	16
2009	11	14	ES	AR	2	1	F		3	2092	1897	0	−1	2	8
2009	11	14	CH	NO	0	1	F		-15	1792	1747	−3	0	20	36
2009	11	14	WA	AA	3	0	F		17	1606	1671	+4	−2	57	47
2009	11	15	IQ	AZ	1	0	FT	AE	9	1544	1378	+2	−2	77	115
2009	11	15	AE	CZ	0	0	FT		11	1406	1789	0	−1	110	20
2009	11	17	BE	QA	2	0	F	FR	14	1587	1533	+4	−7	61	81
2009	11	17	SK	CL	1	2	F		-7	1665	1880	−1	+1	47	11
2009	11	18	AT	ES	1	5	F		-3	1589	2095	0	0	59	2
2009	11	18	AZ	CZ	2	0	FT	AE	41	1419	1748	+7	−14	108	34
2009	11	18	BA	PT	0	1	WQ		-14	1642	1874	−1	+1	50	12
2009	11	18	DK	US	3	1	F		11	1812	1803	+2	−1	16	17
2009	11	18	FR	IE	1	1	WQ		-12	1890	1766	−2	+4	9	27
2009	11	18	DE	CI	2	2	F		-7	1961	1761	0	+3	5	28
2009	11	18	IR	MK	1	1	F		-6	1700	1576	−1	0	42	67
2009	11	18	IT	SE	1	0	F		3	1957	1773	0	−1	6	25
2009	11	18	MT	BG	1	4	F		-3	1219	1758	0	−1	154	31
2009	11	18	ME	BY	1	0	F		5	1666	1582	0	−4	48	65
2009	11	18	NL	PY	0	0	F		-8	2031	1760	0	+5	3	29
2009	11	18	PL	CA	1	0	F		7	1632	1607	+1	−2	51	56
2009	11	18	RS	KR	1	0	F	EN	8	1833	1749	0	−3	14	32
2009	11	18	SI	RU	1	0	WQ		27	1672	1852	+4	−1	46	13
2009	11	18	UA	GR	0	1	WQ		-29	1783	1783	−5	+9	22	22
2009	12	30	EE	AO	1	0	F	PT	12	1454	1490	+4	−2	98	88